<?xml version="1.0" encoding="UTF-8"?>
<metadata><idinfo><citation><citeinfo><origin>Washington State Department of Fish and Wildlife</origin><origin>Washington State Legislature</origin><pubdate>September 3, 2009</pubdate><title Sync="TRUE">Marine Fish-Shellfish Commercial Management and Catch Reporting Areas, Puget Sound</title><geoform Sync="TRUE">vector digital data</geoform><pubinfo><pubplace>Olympia, Washington</pubplace><publish>Washington State Legislature</publish></pubinfo><onlink>http://apps.leg.wa.gov/WAC/default.aspx?cite=220-22-400</onlink><ftname Sync="TRUE">WAC_220_022_400_arc</ftname></citeinfo></citation><descript><abstract>Provides a geographic definition of Washington Department of Fish and Wildlife's "Marine Fish-Shellfish Management and Catch Reporting Areas, Puget Sound". There is a counterpart for the Pacific coastal areas off Washington State defined in WAC 220-22-410.http://apps.leg.wa.gov/WAC/default.aspx?cite=220-22-400WAC 220-22-400Marine Fish-Shellfish Management and Catch Reporting Areas, Puget Sound.???? - Could use the word "Commercial" in the title.(1) Area 20A shall include those waters of Puget Sound north of a line projected from Village Point, Lummi Island through the navigation buoy just east of Matia Island thence to the buoy at Clements Reef thence to the easternmost point of Patos Island and from the westernmost point of Patos Island due east to the international boundary; and west of a line from Point Francis through the marker north of Inati Bay, Lummi Island to Lummi Island.???? - "...from the westernmost point of Patos Island due WEST to the international boundary;"???? - Pt. Frances is a lobe. Can this be better defined????? - I'm assuming the tombolo that appears at low tide between the peninsula and Portage I closes the poly .(2) Area 20B shall include those waters of Puget Sound southerly of Area 20A, westerly of a line from Lummi Island through Lummi Rocks to the northernmost tip of Sinclair Island, and northerly of a line from the northernmost tip of Sinclair Island to Lawrence Point on Orcas Island and a line which runs from Steep Point on Orcas Island to Limestone Point on San Juan Island and then to Green Point on the eastern tip of Speiden Island and from the western tip of Speiden Island true west to the international boundary.???? - Spieden Island ("ie").(3) Area 21A shall include those waters of Puget Sound southerly and easterly of Areas 20A and 20B, and westerly of a line from William Point to Governor's Point, and northerly of a line from William Point to the southernmost tip of Vendovi Island to the Sinclair Island light.(4) Area 21B shall include those waters of Puget Sound easterly of and adjacent to Area 21A.(5) Area 22A shall include those waters of Puget Sound south of Area 20B, westerly of 122° 40' W between Sinclair Island and Fidalgo Island and the Deception Pass Bridge; northerly of a line due east from the international boundary to a point 1 nautical mile from Pile Point, San Juan Island, thence southeasterly along a line 1 nautical mile from the southern shores of San Juan Island and Lopez Island to Davidson Rock near Point Colville, then easterly to a point one nautical mile south of the buoy at Lawson Reef and than due east to Whidbey Island.???? - The confluence of lines around Davidson Rock (about half a mile from shore) is very confusing. See 23A as well. I've terminated the 1M line at the Davisdson Rock - Smith I. Light line.(6) Area 22B shall include those waters of Puget Sound south of Area 21A, east of 22A, and north of the railroad bridges at Swinomish Channel.(7) Area 23A shall include those waters of Puget Sound southerly of Area 22A; westerly and northerly of a line described as follows: A line segment from Davidson Rock near Point Colville, Lopez Island to a point 2 nautical miles from the Smith Island light thence continuing westerly and southerly 2 nautical miles from the Smith Island light until the line intersects with a line between Smith Island light and the vessel traffic service buoy north of Dungeness Spit, thence to the vessel traffic service buoy, thence southerly and westerly to a point 1 1/2 nautical miles north of the Ediz Hook light thence north to the international boundary.(8) Area 23B shall include those waters of Puget Sound southerly of Area 22A; easterly of 23A; and northerly of a line due west from Partridge Point, Whidbey Island to its intersection with Area 23A.(9) Area 23C shall include those waters of Puget Sound westerly of Area 23A and a line due north from the Ediz Hook light to the international boundary; and easterly of a line projected due north from the mouth of the Sekiu River.(10) Area 23D shall include those waters of Puget Sound southerly of Area 23A and easterly of Area 23C and westerly of a line from the Dungeness light to the vessel traffic service buoy north of Dungeness light.(11) Area 24A shall include those waters of Saratoga Passage and Skagit Bay east of a line between Polnell Point and Rocky Point, Camano Island; south of Area 22B; and east of Area 22A, and north of the Highway 532 Bridge between Camano Island and the mainland.(12) Area 24B shall include those waters of Port Susan south of Area 24A and north of a line from Camano Head on Camano Island to the north tip of Gedney Island and from the southern tip of Gedney Island east to the mainland.(13) Area 24C shall include those waters of Saratoga Passage west of Area 24A; north of a line projected due west of Hackney Island; and northwest of a line from Sandy Point, Whidbey Island to Camano Head, Camano Island.???? - Hackney I. must have changed names. It appears on old charts, but new charts have it as "Baby I."???? - Hackney/Baby I. is an island, and therefore the polygon does not close. I've continued the line to Rocky Pt. on Whidbey I. (14) Area 24D shall include Holmes Harbor south of a line projected due west from Hackney Island to Whidbey Island.(15) Area 25A shall include those waters of Puget Sound south of Areas 23A and 23B; east of Area 23D; north of a line projected from Diamond Point to Cape George, and westerly of a line projected from Point Partridge on Whidbey Island to Point Wilson.(16) Area 25B shall include those waters of Admiralty Inlet east of Area 25A; northeast of a line projected from Point Hudson to Marrowstone Point; and north of a line projected from Olele Point to Foulweather Bluff continuing to Double Bluff on Whidbey Island.(17) Area 25C shall include those waters of Hood Canal south of Area 25B and north of the Hood Canal Floating Bridge.(18) Area 25D shall include those waters of Port Townsend Bay southwest of Area 25B.???? - It's more accurately just "west of 25B".???? - There is no closure of the area to its south. I'm using the SR 116 / Flagler Road bridge.(19) Area 25E shall include those waters of Discovery Bay south of Area 25A.(20) Area 26A shall include those waters of Puget Sound south of Areas 24B, 24C, and 25B and northerly of a line from Apple Cove Point to Point Edwards.(21) Area 26B shall include those waters of Puget Sound south of Area 26A, and east of a line from Point Monroe, Bainbridge Island to the mouth of Miller Bay, and east of a line from Beans Point on Bainbridge Island to Orchard Point, and northerly of a line from the ferry dock at Point Southworth to Brace Point.???? - Designation of Miller Bay is ambiguous as to whether it would be Area 27A or 26B. Local administrators say to close off the bay at the spit and leave it outside any area (as done here).(22) Area 26C shall include those waters of Puget Sound westerly and adjacent to Area 26B.(23) Area 26D shall include those waters of Puget Sound southerly of Area 26B and northerly of the Tacoma Narrows Bridge.(24) Area 27A shall include those waters of Hood Canal southerly of the Hood Canal Floating Bridge and northerly of a line from Misery Point to Quatsap Point.(25) Area 27B shall include those waters of Hood Canal south of Area 27A and north of a line from Lilliwaup Creek to Dewatto.???? - This description leaves open whether each bay is included north or south of the line, or closed off (as Miller Bay is).???? - Same dilemma in WAC 220-110-240. It would be nice to get these lines to coincide.(26) Area 27C shall include those waters of Hood Canal south of Area 27B.(27) Area 28A shall include those waters of Puget Sound southerly and westerly of the Tacoma Narrows Bridge, south of a line projected from Penrose Point to Green Point in Carr Inlet, south of a line projected from Point Wilson to Whiteman Cove in Case Inlet, and east of a line projected from Brisco Point to Dofflemyer Point.(28) Area 28B shall include all waters of Carr Inlet north of a line projected from Penrose Point to Green Point.(29) Area 28C shall include those waters of Case Inlet and Pickering Passage north of a line projected from Wilson Point to Whiteman Cove, and north of the highway bridge from the west side of Hartstene Island.(30) Area 28D shall include those waters west of Area 28A and south of Area 28C.(31) Area 29 shall include those waters of the Strait of Juan de Fuca west of Area 23C and east of a line projected from the Bonilla Point light on Vancouver Island to the Tatoosh Island light, then to the most westerly point of Cape Flattery.???? - This is not the official Bonilla-Tatoosh line per WAC 220-016-490, which includes a jog over to the "buoy adjacent to Duntz [sic] Rock".(32) This WAC will not apply to hardshell clams, oysters, or geoducks.[Statutory Authority: RCW 75.08.080. 83-24-024 (Order 83-200), § 220-22-400, filed 11/30/83, effective 1/1/84; 82-24-080 (Order 82-215), § 220-22-400, filed 12/1/82, effective 1/1/83; 78-05-018 (Order 78-16), § 220-22-400, filed 4/13/78; Order 76-148, § 220-22-400, filed 12/2/76.]</abstract><purpose>To depict as accurately as possible the geographical extent described in this Washington Administrative Code (WAC), including any areas, boundaries, and points mentioned in the text. Polygon and arc attributes are included for the purpose of enabling spatial processing and/or versatility in creating cartographic products.</purpose><supplinf>The text in most WACs contains errors of some sort. The Department of Fish and Wildlife corrects the text of the WACs when opportunities arise, but this WAC mapping project is the only concerted effort resulting in documentation of such errata. Check under the "Identification - Citation" section for a web address linking to the on-line text at the Washington State Legislature for the latest version of each specific WAC, and below the dashed line here for the version of the text used to create this layer interspersed with questions (if any, preceded by four question marks) regarding that text.
----------------------------------
Marine Fish-Shellfish Management and Catch Reporting Areas, Puget Sound.
  
(1) Area 20A shall include those waters of Puget Sound north of a line projected from Village Point, Lummi Island through the navigation buoy just east of Matia Island thence to the buoy at Clements Reef thence to the easternmost point of Patos Island and from the westernmost point of Patos Island due east to the international boundary; and west of a line from Point Francis through the marker north of Inati Bay, Lummi Island to Lummi Island.
???? - "...from the westernmost point of Patos Island due WEST to the international boundary;"
???? - Pt. Frances is a lobe. Can this be better defined?
???? - I'm assuming the tombolo that appears at low tide between the peninsula and Portage I closes the poly .

(2) Area 20B shall include those waters of Puget Sound southerly of Area 20A, westerly of a line from Lummi Island through Lummi Rocks to the northernmost tip of Sinclair Island, and northerly of a line from the northernmost tip of Sinclair Island to Lawrence Point on Orcas Island and a line which runs from Steep Point on Orcas Island to Limestone Point on San Juan Island and then to Green Point on the eastern tip of Speiden Island and from the western tip of Speiden Island true west to the international boundary.
???? - Spieden Island ("ie").

(3) Area 21A shall include those waters of Puget Sound southerly and easterly of Areas 20A and 20B, and westerly of a line from William Point to Governor's Point, and northerly of a line from William Point to the southernmost tip of Vendovi Island to the Sinclair Island light.

(4) Area 21B shall include those waters of Puget Sound easterly of and adjacent to Area 21A.

(5) Area 22A shall include those waters of Puget Sound south of Area 20B, westerly of 122° 40' W between Sinclair Island and Fidalgo Island and the Deception Pass Bridge; northerly of a line due east from the international boundary to a point 1 nautical mile from Pile Point, San Juan Island, thence southeasterly along a line 1 nautical mile from the southern shores of San Juan Island and Lopez Island to Davidson Rock near Point Colville, then easterly to a point one nautical mile south of the buoy at Lawson Reef and than due east to Whidbey Island.
???? - The confluence of lines around Davidson Rock (about half a mile from shore) is very confusing. See 23A as well. I've terminated the 1M line at the Davisdson Rock - Smith I. Light line.

(6) Area 22B shall include those waters of Puget Sound south of Area 21A, east of 22A, and north of the railroad bridges at Swinomish Channel.

(7) Area 23A shall include those waters of Puget Sound southerly of Area 22A; westerly and northerly of a line described as follows: A line segment from Davidson Rock near Point Colville, Lopez Island to a point 2 nautical miles from the Smith Island light thence continuing westerly and southerly 2 nautical miles from the Smith Island light until the line intersects with a line between Smith Island light and the vessel traffic service buoy north of Dungeness Spit, thence to the vessel traffic service buoy, thence southerly and westerly to a point 1 1/2 nautical miles north of the Ediz Hook light thence north to the international boundary.

(8) Area 23B shall include those waters of Puget Sound southerly of Area 22A; easterly of 23A; and northerly of a line due west from Partridge Point, Whidbey Island to its intersection with Area 23A.

(9) Area 23C shall include those waters of Puget Sound westerly of Area 23A and a line due north from the Ediz Hook light to the international boundary; and easterly of a line projected due north from the mouth of the Sekiu River.

(10) Area 23D shall include those waters of Puget Sound southerly of Area 23A and easterly of Area 23C and westerly of a line from the Dungeness light to the vessel traffic service buoy north of Dungeness light.

(11) Area 24A shall include those waters of Saratoga Passage and Skagit Bay east of a line between Polnell Point and Rocky Point, Camano Island; south of Area 22B; and east of Area 22A, and north of the Highway 532 Bridge between Camano Island and the mainland.

(12) Area 24B shall include those waters of Port Susan south of Area 24A and north of a line from Camano Head on Camano Island to the north tip of Gedney Island and from the southern tip of Gedney Island east to the mainland.

(13) Area 24C shall include those waters of Saratoga Passage west of Area 24A; north of a line projected due west of Hackney Island; and northwest of a line from Sandy Point, Whidbey Island to Camano Head, Camano Island.
???? - Hackney I. must have changed names. It appears on old charts, but new charts have it as "Baby I."
???? - Hackney/Baby I. is an island, and therefore the polygon does not close. I've continued the line to Rocky Pt. on Whidbey I. 

(14) Area 24D shall include Holmes Harbor south of a line projected due west from Hackney Island to Whidbey Island.

(15) Area 25A shall include those waters of Puget Sound south of Areas 23A and 23B; east of Area 23D; north of a line projected from Diamond Point to Cape George, and westerly of a line projected from Point Partridge on Whidbey Island to Point Wilson.

(16) Area 25B shall include those waters of Admiralty Inlet east of Area 25A; northeast of a line projected from Point Hudson to Marrowstone Point; and north of a line projected from Olele Point to Foulweather Bluff continuing to Double Bluff on Whidbey Island.

(17) Area 25C shall include those waters of Hood Canal south of Area 25B and north of the Hood Canal Floating Bridge.

(18) Area 25D shall include those waters of Port Townsend Bay southwest of Area 25B.
???? - It's more accurately just "west of 25B".
???? - There is no closure of the area to its south. I'm using the SR 116 / Flagler Road bridge.

(19) Area 25E shall include those waters of Discovery Bay south of Area 25A.

(20) Area 26A shall include those waters of Puget Sound south of Areas 24B, 24C, and 25B and northerly of a line from Apple Cove Point to Point Edwards.

(21) Area 26B shall include those waters of Puget Sound south of Area 26A, and east of a line from Point Monroe, Bainbridge Island to the mouth of Miller Bay, and east of a line from Beans Point on Bainbridge Island to Orchard Point, and northerly of a line from the ferry dock at Point Southworth to Brace Point.
???? - Designation of Miller Bay is ambiguous as to whether it would be Area 27A or 26B. Local administrators say to close off the bay at the spit and leave it outside any area (as done here).

(22) Area 26C shall include those waters of Puget Sound westerly and adjacent to Area 26B.

(23) Area 26D shall include those waters of Puget Sound southerly of Area 26B and northerly of the Tacoma Narrows Bridge.

(24) Area 27A shall include those waters of Hood Canal southerly of the Hood Canal Floating Bridge and northerly of a line from Misery Point to Quatsap Point.

(25) Area 27B shall include those waters of Hood Canal south of Area 27A and north of a line from Lilliwaup Creek to Dewatto.
???? - This description leaves open whether each bay is included north or south of the line, or closed off (as Miller Bay is).
???? - Same dilemma in WAC 220-110-240. It would be nice to get these lines to coincide.

(26) Area 27C shall include those waters of Hood Canal south of Area 27B.

(27) Area 28A shall include those waters of Puget Sound southerly and westerly of the Tacoma Narrows Bridge, south of a line projected from Penrose Point to Green Point in Carr Inlet, south of a line projected from Point Wilson to Whiteman Cove in Case Inlet, and east of a line projected from Brisco Point to 

Dofflemyer Point.

(28) Area 28B shall include all waters of Carr Inlet north of a line projected from Penrose Point to Green Point.

(29) Area 28C shall include those waters of Case Inlet and Pickering Passage north of a line projected from Wilson Point to Whiteman Cove, and north of the 

highway bridge from the west side of Hartstene Island.

(30) Area 28D shall include those waters west of Area 28A and south of Area 28C.

(31) Area 29 shall include those waters of the Strait of Juan de Fuca west of Area 23C and east of a line projected from the Bonilla Point light on Vancouver Island to the Tatoosh Island light, then to the most westerly point of Cape Flattery.
???? - This is not the official Bonilla-Tatoosh line per WAC 220-016-490, which includes a jog over to the "buoy adjacent to Duntz [sic] Rock".

(32) This WAC will not apply to hardshell clams, oysters, or geoducks.

[Statutory Authority: RCW 75.08.080. 83-24-024 (Order 83-200), § 220-22-400, filed 11/30/83, effective 1/1/84; 82-24-080 (Order 82-215), § 220-22-400, filed 12/1/82, effective 1/1/83; 78-05-018 (Order 78-16), § 220-22-400, filed 4/13/78; Order 76-148, § 220-22-400, filed 12/2/76.]</supplinf><langdata Sync="TRUE">en</langdata></descript><timeperd><timeinfo><sngdate><caldate>20090903</caldate></sngdate></timeinfo><current>publication date</current></timeperd><status><progress>Complete</progress><update>None planned</update></status><spdom><bounding><westbc Sync="TRUE">-124.783063</westbc><eastbc Sync="TRUE">-122.120718</eastbc><northbc Sync="TRUE">49.023657</northbc><southbc Sync="TRUE">46.973179</southbc></bounding><lboundng><leftbc Sync="TRUE">611059.437633</leftbc><rightbc Sync="TRUE">1236323.000095</rightbc><bottombc Sync="TRUE">624926.999936</bottombc><topbc Sync="TRUE">1350527.249848</topbc></lboundng></spdom><keywords><theme><themekt>None</themekt><themekey>boundaries</themekey><themekey>location</themekey><themekey>oceans</themekey></theme><place><placekey>Salish Sea</placekey><placekey>Puget Sound</placekey></place></keywords><accconst>None.</accconst><useconst>None.</useconst><ptcontac><cntinfo><cntperp><cntper>Dale Gombert</cntper><cntorg>Washington Department of Fish and Wildlife</cntorg></cntperp><cntpos>Information Technology Specialist</cntpos><cntaddr><addrtype>mailing address</addrtype><address>600 Capitol Way North</address><city>Olympia</city><state>WA</state><postal>98501-1091</postal><country>USA</country></cntaddr><cntvoice>360-902-2189</cntvoice><cnttdd>360-902-2207</cnttdd><cntfax>360-902-2944</cntfax><cntemail>gombedwg@dfw.wa.gov</cntemail><hours>Monday - Friday, 08:00 - 16:30</hours></cntinfo></ptcontac><secinfo><secclass>Unclassified</secclass></secinfo><native Sync="TRUE">Microsoft Windows Vista Version 6.0 (Build 6001) Service Pack 1; ESRI ArcCatalog 9.3.1.3000</native><natvform Sync="TRUE">Personal GeoDatabase Feature Class</natvform></idinfo><dataqual><attracc><attraccr>Attributes were checked visually by using wildly varied symbology for the different values and checking on-screen, and using tables to sort by field values and checking for invalid values.</attraccr></attracc><logic>The layer was originally created in PC ArcInfo as a coverage with polygon and arc topologies, then converted into this Personal Geodatabase layer. This means all polygons and arcs should line up exactly, and no polygons should overlap or have gaps ("slivers") between them.</logic><complete>This should be complete, aside from any remaining questions as noted under "Description - Supplementary Information".</complete><posacc><horizpa><horizpar>Where possible, defined cornerstone points were located by using the most accurate sources among satellite imagery on-screen (sometimes using Department of Ecology oblique shoreline photograph to identify objects), manually off the largest-scale available navigation charts, in-situ GPS readings, specified geographical coordinates, or using heads-up digitizing while referencing the Department of Natural Resources 1:24k hydrology layer.</horizpar><qhorizpa><horizpav>1</horizpav><horizpae>
Satellite imagery of land-based objects has proven to be accurate to within one one-hundredth of an arc second (0.31m). Buoy locations are more problematic, in that they move around, but the locations identified are accurate for at least the one sighting.
The accuracy rating above is a conservative estimate, and far more accurate than required for virtually all practical applications of the WACs.
</horizpae></qhorizpa></horizpa><vertacc><vertaccr>Vertical accuracy should be irrelevant, as all lines are presumed to be at sea level. However when locating points high up (such as on tops of lighthouses or signs posted on hillsides) in satellite imagery, accounting was made for the angle of the photography and any horizontal shift of position.</vertaccr></vertacc></posacc><lineage><srcinfo><srcscale>12000</srcscale><typesrc>chart</typesrc><srccontr>NOAA navigational charts</srccontr></srcinfo><srcinfo><srcscale>2000</srcscale><typesrc>online</typesrc><srccontr>www.flashearth.com</srccontr></srcinfo><procstep><procdesc>
1) WAC was selected based on the text defining some geographic line, point, and/or region.
2) Geographic points (buoys, points of land, etc.) were located with the greatest accuracy possible. Errata in the text were noted (e.g., markers washed away, wrong directions taken from points, polygons not closed off, etc.).
3) WDFW administrators and stakeholders were consulted as to the intent of the law when WAC text was far enough off or ambiguous enough as to be confusing.
4) Arcs common with earlier-defined WACs were copied so identical lines would be used to maintain consistency.
5) Topology was checked: arcs for dangles, polygons for lack of closure and slivers removed.
6) Attribute fields were added to the tables and populated with values.
7) Data quality ("Logistical Consistency") was checked using wildly varied symbology to highlight anomalies.
8) A map layout was created, published to PDF and distributed within the agency to check for errors.
9) The coverage was imported into the Personal Geodatabase.
10) Pending official approval by the agency for public distribution.
</procdesc><procdate>Not complete</procdate><proccont><cntinfo><cntperp><cntper>Dale Gombert</cntper><cntorg>Washington Department of Fish and Wildlife</cntorg></cntperp><cntpos>Information Technology Specialist</cntpos><cntvoice>360-902-2189</cntvoice><cnttdd>360-902-2207</cnttdd><cntfax>360-902-2944</cntfax><cntemail>gombedwg@dfw.wa.gov</cntemail><hours>Monday - Friday, 08:00 - 16:30</hours></cntinfo></proccont></procstep><procstep><procdesc Sync="TRUE">Dataset copied.</procdesc><srcused Sync="TRUE">\\DFWHN6WKZ052752\!GISData\WACs\WDFW_WACs.mdb</srcused><procdate Sync="TRUE">20101118</procdate><proctime Sync="TRUE">11103500</proctime></procstep></lineage></dataqual><spdoinfo><direct Sync="TRUE">Vector</direct><ptvctinf><esriterm Name="GeoContrib.DBO.WAC_220_320_110_Area"><efeatyp Sync="TRUE">Simple</efeatyp><efeageom code="4" Sync="TRUE"/><esritopo Sync="TRUE">FALSE</esritopo><efeacnt Sync="TRUE">0</efeacnt><spindex Sync="TRUE">TRUE</spindex><linrefer Sync="TRUE">FALSE</linrefer></esriterm></ptvctinf></spdoinfo><spref><horizsys><planar><planci><plance Sync="TRUE">coordinate pair</plance><coordrep><absres Sync="TRUE">0.000328</absres><ordres Sync="TRUE">0.000328</ordres></coordrep><plandu Sync="TRUE">survey feet</plandu></planci></planar><geodetic><horizdn Sync="TRUE">North American Datum of 1983</horizdn><ellips Sync="TRUE">Geodetic Reference System 80</ellips><semiaxis Sync="TRUE">6378137.000000</semiaxis><denflat Sync="TRUE">298.257222</denflat></geodetic><cordsysn><geogcsn Sync="TRUE">GCS_North_American_1983</geogcsn><projcsn Sync="TRUE">NAD_1983_StatePlane_Washington_South_FIPS_4602_Feet</projcsn></cordsysn></horizsys></spref><eainfo><detailed xmlns="" Name="GeoContrib.DBO.WAC_220_320_110_Area"><enttyp><enttypl Sync="TRUE">GeoContrib.DBO.WAC_220_320_110_Area</enttypl><enttypt Sync="TRUE">Feature Class</enttypt><enttypc Sync="TRUE">0</enttypc></enttyp><attr xmlns=""><attrlabl>OBJECTID</attrlabl><attrdef>Internal feature number.</attrdef><attrdefs>ESRI</attrdefs><attrdomv><udom>Sequential unique whole numbers that are automatically generated.</udom></attrdomv><attalias Sync="TRUE">OBJECTID</attalias><attrtype Sync="TRUE">OID</attrtype><attwidth Sync="TRUE">4</attwidth><atprecis Sync="TRUE">10</atprecis><attscale Sync="TRUE">0</attscale></attr><attr xmlns=""><attrlabl>Shape</attrlabl><attrdef>Feature geometry.</attrdef><attrdefs>ESRI</attrdefs><attrdomv><udom>Coordinates defining the features.</udom></attrdomv><attalias Sync="TRUE">Shape</attalias><attrtype Sync="TRUE">Geometry</attrtype><attwidth Sync="TRUE">8</attwidth><atprecis Sync="TRUE">0</atprecis><attscale Sync="TRUE">0</attscale></attr><attr><attrlabl Sync="TRUE">WAC</attrlabl><attalias Sync="TRUE">WAC</attalias><attrtype Sync="TRUE">String</attrtype><attwidth Sync="TRUE">15</attwidth><atprecis Sync="TRUE">0</atprecis><attscale Sync="TRUE">0</attscale></attr><attr><attrlabl Sync="TRUE">SubareaName</attrlabl><attalias Sync="TRUE">Subarea Name</attalias><attrtype Sync="TRUE">String</attrtype><attwidth Sync="TRUE">20</attwidth><atprecis Sync="TRUE">0</atprecis><attscale Sync="TRUE">0</attscale></attr><attr><attrlabl Sync="TRUE">VerboseName</attrlabl><attalias Sync="TRUE">Verbose Name</attalias><attrtype Sync="TRUE">String</attrtype><attwidth Sync="TRUE">40</attwidth><atprecis Sync="TRUE">0</atprecis><attscale Sync="TRUE">0</attscale></attr><attr><attrlabl Sync="TRUE">WACDescription</attrlabl><attalias Sync="TRUE">WAC Description</attalias><attrtype Sync="TRUE">String</attrtype><attwidth Sync="TRUE">255</attwidth><atprecis Sync="TRUE">0</atprecis><attscale Sync="TRUE">0</attscale></attr><attr><attrlabl Sync="TRUE">AreaName</attrlabl><attalias Sync="TRUE">AreaName</attalias><attrtype Sync="TRUE">String</attrtype><attwidth Sync="TRUE">20</attwidth><atprecis Sync="TRUE">0</atprecis><attscale Sync="TRUE">0</attscale></attr><attr><attrlabl Sync="TRUE">Shape.STArea()</attrlabl><attalias Sync="TRUE">Shape.STArea()</attalias><attrtype Sync="TRUE">Double</attrtype><attwidth Sync="TRUE">0</attwidth><atprecis Sync="TRUE">0</atprecis><attscale Sync="TRUE">0</attscale></attr><attr><attrlabl Sync="TRUE">Shape.STLength()</attrlabl><attalias Sync="TRUE">Shape.STLength()</attalias><attrtype Sync="TRUE">Double</attrtype><attwidth Sync="TRUE">0</attwidth><atprecis Sync="TRUE">0</atprecis><attscale Sync="TRUE">0</attscale></attr></detailed><overview xmlns=""><eaover>The field "ltype" was designed to be used to delineate different border types for the associated polygons. For instance, a red dashed line can be used for the US-Canada border, a black dashed line for the extension of the Bonilla-Tatoosh line beyond US waters, and no color for the shoreline, allowing you to use a different shoreline without variable thickness due to discrepancies between shoreline layers. The source of the definitions loosely comes from the old ArcPlot symbol table for line types, where 5 drew a thick black line, or 77 drew a dashed line (there was a truncation of digits in the field values in the conversion process from coverage to Personal Geodatabase, hence the "7" value instead of "77". Fortunately, "7" was not used as a value for any other border type, and no conflict arose)..</eaover><dsoverv>This featureclass contains the boundaries of the "Marine Fish-Shellfish Management and Catch Reporting Areas, Puget Sound" as designated by the Washington Department of Fish and Wildlife. The field "ltype" can be used to create map layouts with highly customized symbology to complement the counterpart polygon featureclass.</dsoverv></overview></eainfo><distinfo><distrib><cntinfo><cntperp><cntper>Dale Gombert</cntper><cntorg>Washington Department of Fish and Wildlife</cntorg></cntperp><cntpos>Information Technology Specialist</cntpos><cntaddr><addrtype>mailing address</addrtype><address>600 Capitol Way North</address><city>Olympia</city><state>WA</state><postal>98501-1091</postal><country>USA</country></cntaddr><cntvoice>360-902-2189</cntvoice><cnttdd>60-902-2207</cnttdd><cntfax>360-902-2944</cntfax><cntemail>gombedwg@dfw.wa.gov</cntemail><hours>Monday - Friday, 08:00 - 16:30</hours></cntinfo></distrib><resdesc>WDFW_WACs.mdb</resdesc><distliab>The Washington Department of Fish and Wildlife (WDFW) makes no guarantee concerning the data's content, accuracy, completeness, or the results obtained from queries or use of these data.  WDFW makes no warranty of fitness for a particular purpose, no representation as to the quality of any data, and assumes no liability for the data represented here. These layers do not represent an exhaustive inventory of WACs. This data should be used cautiously because they are subject to change. When conducting projects or planning for fish and wildlife, please consider consulting with WDFW.</distliab><stdorder><digform><digtinfo><formname>MDB</formname><formspec>ESRI ArcGIS Personal Geodatabase</formspec></digtinfo></digform><fees>$25 per hour</fees><ordering>
Fees would be charged only if substantial processing would be specially required to fulfil a data request.
To request a free download of this data in its native format (ArcGIS 9.3.1 Personal Geodatabase), send a written request to Dale Gombert (email is welcome: gombedwg@dfw.wa.gov) for WDFW_WACs.mdb.
For our statistical classification purposes, please include a short (one or two sentence) description of your intended use of the data.
A free, printable version of this WAC in Adobe Acrobat format may be (or become) available. Contact WDFW for details.
</ordering><turnarnd>2 business days</turnarnd></stdorder><custom>
To request a free download of this data, send a written request to Dale Gombert (email is welcome: gombedwg@dfw.wa.gov) for WDFW_WACs.mdb.
For our statistical classification purposes, please include a short (one or two sentence) description of your intended use of the data.
The entire data set occupies approximately 40MB of space (13MB zipped). You may request a subset of the data to minimize the size (for example only those layer pertaining to WAC 220-16-210).
The data will ither be e-mailed as an attachment (if smaller than 10MB), or placed on a secure FTP site for download.
A processing fee may be required at a rate of $25 per hour for substantially special rquests.
</custom><techpreq>This data set is usable by any product that can view ArcGIS 9.3.1 Personal Geodatabase sets.</techpreq></distinfo><metainfo><metd Sync="TRUE">20100331</metd><metrd>20100329</metrd><metc><cntinfo><cntorgp><cntorg>Washington Department of Fish and Wildlife</cntorg><cntper>Dale Gombert</cntper></cntorgp><cntpos>Information Technology Specialist</cntpos><cntaddr><addrtype>mailing address</addrtype><address>600 Capitol Way North</address><city>Olympia</city><state>WA</state><postal>98501-1091</postal><country>USA</country></cntaddr><cntvoice>360-902-2189</cntvoice><cnttdd>360-902-2207</cnttdd><cntfax>360-902-2944</cntfax><cntemail>gombedwg@dfw.wa.gov</cntemail><hours>Monday - Friday, 08:00 - 16:30</hours></cntinfo></metc><metstdn Sync="TRUE">FGDC Content Standards for Digital Geospatial Metadata</metstdn><metstdv Sync="TRUE">FGDC-STD-001-1998</metstdv><mettc Sync="TRUE">local time</mettc><metac>None</metac><metuc>None</metuc><metextns><onlink>http://www.esri.com/metadata/esriprof80.html</onlink><metprof>ESRI Metadata Profile</metprof></metextns><langmeta Sync="TRUE">en</langmeta></metainfo><Esri><CreaDate>20211214</CreaDate><CreaTime>14465600</CreaTime><SyncOnce>FALSE</SyncOnce><SyncDate>20200318</SyncDate><SyncTime>17373100</SyncTime><ModDate>20200318</ModDate><ModTime>17373100</ModTime><DataProperties><lineage/><itemProps><itemLocation><linkage Sync="TRUE">file://\\DFW6PTLTZ195286\C$\Users\sundm477\Washington State Executive Branch Agencies\DFW-Team FP Crusty All - Documents\Commercial Fisheries\Projects\Crab Survey Tool\Input\Puget_Sound_Crab_Regions</linkage><protocol Sync="TRUE">Local Area Network</protocol></itemLocation><itemName Sync="TRUE">GeoContrib.DBO.WAC_220_320_110_Area</itemName><imsContentType Sync="TRUE">002</imsContentType></itemProps><coordRef><type Sync="TRUE">Projected</type><geogcsn Sync="TRUE">GCS_North_American_1983_HARN</geogcsn><csUnits Sync="TRUE">Linear Unit: Foot_US (0.304801)</csUnits><projcsn Sync="TRUE">NAD_1983_HARN_StatePlane_Washington_South_FIPS_4602_Feet</projcsn><peXml Sync="TRUE">&lt;ProjectedCoordinateSystem xsi:type='typens:ProjectedCoordinateSystem' xmlns:xsi='http://www.w3.org/2001/XMLSchema-instance' xmlns:xs='http://www.w3.org/2001/XMLSchema' xmlns:typens='http://www.esri.com/schemas/ArcGIS/10.6'&gt;&lt;WKT&gt;PROJCS[&amp;quot;NAD_1983_HARN_StatePlane_Washington_South_FIPS_4602_Feet&amp;quot;,GEOGCS[&amp;quot;GCS_North_American_1983_HARN&amp;quot;,DATUM[&amp;quot;D_North_American_1983_HARN&amp;quot;,SPHEROID[&amp;quot;GRS_1980&amp;quot;,6378137.0,298.257222101]],PRIMEM[&amp;quot;Greenwich&amp;quot;,0.0],UNIT[&amp;quot;Degree&amp;quot;,0.0174532925199433]],PROJECTION[&amp;quot;Lambert_Conformal_Conic&amp;quot;],PARAMETER[&amp;quot;False_Easting&amp;quot;,1640416.666666667],PARAMETER[&amp;quot;False_Northing&amp;quot;,0.0],PARAMETER[&amp;quot;Central_Meridian&amp;quot;,-120.5],PARAMETER[&amp;quot;Standard_Parallel_1&amp;quot;,45.83333333333334],PARAMETER[&amp;quot;Standard_Parallel_2&amp;quot;,47.33333333333334],PARAMETER[&amp;quot;Latitude_Of_Origin&amp;quot;,45.33333333333334],UNIT[&amp;quot;Foot_US&amp;quot;,0.3048006096012192],AUTHORITY[&amp;quot;EPSG&amp;quot;,2927]]&lt;/WKT&gt;&lt;XOrigin&gt;-117498300&lt;/XOrigin&gt;&lt;YOrigin&gt;-98850300&lt;/YOrigin&gt;&lt;XYScale&gt;3048.0060960121928&lt;/XYScale&gt;&lt;ZOrigin&gt;0&lt;/ZOrigin&gt;&lt;ZScale&gt;1&lt;/ZScale&gt;&lt;MOrigin&gt;0&lt;/MOrigin&gt;&lt;MScale&gt;1&lt;/MScale&gt;&lt;XYTolerance&gt;0.0032808333333333331&lt;/XYTolerance&gt;&lt;ZTolerance&gt;0.001&lt;/ZTolerance&gt;&lt;MTolerance&gt;0.001&lt;/MTolerance&gt;&lt;HighPrecision&gt;true&lt;/HighPrecision&gt;&lt;WKID&gt;2927&lt;/WKID&gt;&lt;LatestWKID&gt;2927&lt;/LatestWKID&gt;&lt;/ProjectedCoordinateSystem&gt;</peXml></coordRef><copyHistory><copy source="S:\Reg6-PTT\FP\Crustacean\Spatial\Puget_Sound_Crab_Regions" dest="\\DFW6PTLTZ195286\C$\Users\sundm477\Washington State Executive Branch Agencies\DFW-Team FP Crusty All - Documents\Commercial Fisheries\Projects\Crab Survey Tool\Input\Puget_Sound_Crab_Regions" date="20211214" time="14465600"></copy></copyHistory></DataProperties><ArcGISProfile>FGDC</ArcGISProfile><ArcGISFormat>1.0</ArcGISFormat><ArcGISstyle>FGDC CSDGM Metadata</ArcGISstyle><scaleRange><minScale>150000000</minScale><maxScale>5000</maxScale></scaleRange></Esri><dataIdInfo><envirDesc Sync="TRUE"> Version 6.2 (Build 9200) ; Esri ArcGIS 10.6.1.9273</envirDesc><dataLang><languageCode Sync="FALSE" value="eng"/><countryCode value="USA" Sync="TRUE"/></dataLang><idCitation xmlns=""><resTitle Sync="FALSE">Marine Fish-Shellfish Management and Catch Reporting Areas, Puget Sound (Commercial)</resTitle><presForm xmlns=""><PresFormCd Sync="TRUE" value="005"/></presForm><resAltTitle>WAC_220_022_400_arc</resAltTitle><date><pubDate>2009-02-26T00:00:00</pubDate></date><citRespParty xmlns=""><rpIndName>Dale Gombert</rpIndName><rpOrgName>Washington Department of Fish and Wildlife</rpOrgName><rpPosName>Data Manager</rpPosName><rpCntInfo><cntAddress addressType="both"><delPoint>1111 Washington Street SE</delPoint><city>Olympia</city><adminArea>WA</adminArea><postCode>98501</postCode><eMailAdd>Dale.Gombert@dfw.wa.gov</eMailAdd><country>USA</country></cntAddress><cntPhone><voiceNum tddtty="">(360) 902-2189</voiceNum><faxNum>(360) 902-2944</faxNum></cntPhone><cntHours>Monday - Friday, 0800-1630</cntHours></rpCntInfo><role><RoleCd value="006"/></role><editorSave>False</editorSave><displayName>Dale Gombert</displayName></citRespParty></idCitation><spatRpType><SpatRepTypCd Sync="TRUE" value="001"/></spatRpType><dataExt xmlns=""><geoEle xmlns=""><GeoBndBox esriExtentType="native"><westBL Sync="TRUE">611059.437633</westBL><eastBL Sync="TRUE">1236323.000095</eastBL><northBL Sync="TRUE">1350527.249848</northBL><southBL Sync="TRUE">624926.999936</southBL><exTypeCode Sync="TRUE">1</exTypeCode></GeoBndBox></geoEle><exDesc>Salish Sea, Washington State State Plane South HARN coordinates</exDesc></dataExt><dataExt xmlns=""><geoEle xmlns=""><GeoBndBox esriExtentType="search"><westBL Sync="TRUE">-124.783063</westBL><eastBL Sync="TRUE">-122.120718</eastBL><northBL Sync="TRUE">49.023657</northBL><southBL Sync="TRUE">46.973179</southBL><exTypeCode Sync="TRUE">1</exTypeCode></GeoBndBox></geoEle><exDesc>Salish Sea, Washington State, geographic coordinates</exDesc></dataExt><geoBox esriExtentType="decdegrees"><westBL Sync="TRUE">-124.783063</westBL><eastBL Sync="TRUE">-122.120718</eastBL><northBL Sync="TRUE">49.023657</northBL><southBL Sync="TRUE">46.973179</southBL><exTypeCode Sync="TRUE">1</exTypeCode></geoBox><idPurp>To depict as accurately as possible the geographical extent described in this Washington Administrative Code (WAC), including any areas, boundaries, and points mentioned in the text. Polygon and arc attributes are included for the purpose of enabling spatial processing and/or versatility in creating cartographic products.</idPurp><idAbs>&lt;DIV STYLE="text-align:Left;"&gt;&lt;DIV&gt;&lt;DIV&gt;&lt;P&gt;&lt;SPAN&gt;WAC 220-320-110&lt;/SPAN&gt;&lt;/P&gt;&lt;P&gt;&lt;SPAN&gt;Puget sound crab management regions.&lt;/SPAN&gt;&lt;/P&gt;&lt;P&gt;&lt;SPAN&gt;The following areas are defined as Puget Sound Crab Management Regions:&lt;/SPAN&gt;&lt;/P&gt;&lt;P&gt;&lt;SPAN&gt;(1) Crab Management Region 1 - (North Puget Sound). All waters of Marine Fish-Shellfish Management and Catch Reporting Areas 20A, 20B, 21A, 21B, 22A, and 22B.&lt;/SPAN&gt;&lt;/P&gt;&lt;P&gt;&lt;SPAN&gt;(2) Crab Management Region 2-East - (Eastern Central Puget Sound). All waters of Marine Fish-Shellfish Management and Catch Reporting Areas 24A, 24B, 24C, 24D, and 26A-E (see WAC 220-340-455).&lt;/SPAN&gt;&lt;/P&gt;&lt;P&gt;&lt;SPAN&gt;(3) Crab Management Region 2-West - (Western Central Puget Sound). All waters of Marine Fish-Shellfish Management and Catch Reporting Areas 25B, 25D, and 26A-W (see WAC 220-340-455).&lt;/SPAN&gt;&lt;/P&gt;&lt;P&gt;&lt;SPAN&gt;(4) Crab Management Region 3, subarea 3-1 - (Eastern Strait of Juan de Fuca). All waters of Marine Fish-Shellfish Management and Catch Reporting Areas 23A and 23B.&lt;/SPAN&gt;&lt;/P&gt;&lt;P&gt;&lt;SPAN&gt;(5) Crab Management Region 3, subarea 3-2 - (Central Strait of Juan de Fuca). All waters of Marine Fish-Shellfish Management and Catch Reporting Areas 23D, 25A, and 25E.&lt;/SPAN&gt;&lt;/P&gt;&lt;P&gt;&lt;SPAN&gt;(6) Crab Management Region 3, subarea 3-3 - (Western Strait of Juan de Fuca). All waters of Marine Fish-Shellfish Management and Catch Reporting Areas 23C and 29.&lt;/SPAN&gt;&lt;/P&gt;&lt;P&gt;&lt;SPAN&gt;(7) Crab Management Region 4 - (Southern Central Puget Sound). All waters of Marine Fish-Shellfish Management and Catch Reporting Areas 26B and 26C.&lt;/SPAN&gt;&lt;/P&gt;&lt;P&gt;&lt;SPAN&gt;(8) Crab Management Region 5 - (Hood Canal). All waters of Marine Fish-Shellfish Management and Catch Reporting Areas 25C, 27A, 27B, and 27C.&lt;/SPAN&gt;&lt;/P&gt;&lt;P&gt;&lt;SPAN&gt;(9) Crab Management Region 6 - (South Puget Sound). All waters of Marine Fish-Shellfish Management and Catch Reporting Areas 26D, 28A, 28B, 28C, and 28D.&lt;/SPAN&gt;&lt;/P&gt;&lt;P&gt;&lt;SPAN&gt;[Statutory Authority: RCW 77.04.012, 77.04.013, 77.04.020, 77.04.055, and 77.12.047. WSR 17-05-112 (Order 17-04), amended and recodified as § 220-320-110, filed 2/15/17, effective 3/18/17. Statutory Authority: RCW 77.12.047. WSR 06-01-013 (Order 05-275), § 220-16-260, filed 12/9/05, effective 1/9/06; WSR 01-03-016 (Order 00-271), § 220-16-260, filed 1/5/01, effective 2/5/01; Order 817, § 220-16-260, filed 5/29/69. Formerly WAC 220-16-020 (part).]&lt;/SPAN&gt;&lt;/P&gt;&lt;/DIV&gt;&lt;/DIV&gt;&lt;/DIV&gt;</idAbs><searchKeys><keyword>Boundaries</keyword><keyword>Location</keyword><keyword>Oceans</keyword></searchKeys><resConst xmlns=""><Consts xmlns=""><useLimit>&lt;DIV STYLE="text-align:Left;"&gt;&lt;DIV&gt;&lt;DIV&gt;&lt;P&gt;&lt;SPAN&gt;Not to be used for navigation. Any products derived from these data should reference Washington Department of Fish and Wildlife as the source.&lt;/SPAN&gt;&lt;/P&gt;&lt;/DIV&gt;&lt;/DIV&gt;&lt;/DIV&gt;</useLimit></Consts><LegConsts xmlns=""><useLimit>The Washington Department of Fish and Wildlife (WDFW) makes no guarantee concerning the data's content, accuracy, completeness, or the results obtained from queries or use of these data. WDFW makes no warranty of fitness for a particular purpose, no representation as to the quality of any data, and assumes no liability for the data represented here. These layers do not represent an exhaustive inventory of WACs. This data should be used cautiously because they are subject to change. When conducting projects or planning for fish and wildlife, please consider consulting with WDFW.</useLimit></LegConsts></resConst><placeKeys xmlns=""><keyword>Salish Sea</keyword></placeKeys><idPoC xmlns=""><rpIndName>Dale Gombert</rpIndName><rpOrgName>Washington Department of Fish and Wildlife</rpOrgName><rpPosName>Data Manager</rpPosName><rpCntInfo xmlns=""><cntAddress addressType="both"><delPoint>1111 Washington Street SE</delPoint><city>Olympia</city><adminArea>WA</adminArea><postCode>98501</postCode><eMailAdd>Dale.Gombert@dfw.wa.gov</eMailAdd><country>USA</country></cntAddress><cntPhone><voiceNum tddtty="">(360) 902-2189</voiceNum><faxNum>(360) 902-2944</faxNum></cntPhone><cntHours>Monday - Friday, 0800-1630</cntHours></rpCntInfo><role><RoleCd value="006"/></role></idPoC><resMaint xmlns=""><maintFreq><MaintFreqCd value="009"/></maintFreq></resMaint><dataChar><CharSetCd value="004"/></dataChar><idStatus><ProgCd value="001"/></idStatus><idCredit>Washington State Department of Fish and Wildlife</idCredit><tpCat><TopicCatCd value="003"/></tpCat><tpCat><TopicCatCd value="013"/></tpCat><tpCat><TopicCatCd value="014"/></tpCat></dataIdInfo><mdLang><languageCode Sync="TRUE" value="eng"/><countryCode value="USA" Sync="TRUE"/></mdLang><mdStanName>ArcGIS Metadata</mdStanName><mdStanVer>1.0</mdStanVer><mdChar><CharSetCd Sync="TRUE" value="004"/></mdChar><mdHrLv><ScopeCd Sync="TRUE" value="005"/></mdHrLv><mdHrLvName Sync="TRUE">dataset</mdHrLvName><refSysInfo><RefSystem><refSysID><identCode Sync="TRUE" code="2927">NAD_1983_StatePlane_Washington_South_FIPS_4602_Feet</identCode><idCodeSpace Sync="TRUE">EPSG</idCodeSpace><idVersion Sync="TRUE">8.9.3(9.0.0)</idVersion></refSysID></RefSystem></refSysInfo><spatRepInfo><VectSpatRep><geometObjs Name="GeoContrib.DBO.WAC_220_320_110_Area"><geoObjTyp><GeoObjTypCd value="002" Sync="TRUE"/></geoObjTyp><geoObjCnt Sync="TRUE">0</geoObjCnt></geometObjs><topLvl><TopoLevCd value="001" Sync="TRUE"/></topLvl></VectSpatRep></spatRepInfo><mdDateSt Sync="TRUE">20200318</mdDateSt><distInfo><distFormat><formatName Sync="TRUE">SDE Feature Class</formatName></distFormat></distInfo></metadata>
