<?xml version="1.0" encoding="UTF-8"?>
<metadata xml:lang="en"><Esri><CreaDate>20211214</CreaDate><CreaTime>14464800</CreaTime><SyncOnce>FALSE</SyncOnce><SyncDate>20200318</SyncDate><SyncTime>17444900</SyncTime><ModDate>20200318</ModDate><ModTime>17444900</ModTime><DataProperties><itemProps><itemLocation><linkage Sync="TRUE">file://\\DFW6PTLTZ195286\C$\Users\sundm477\Washington State Executive Branch Agencies\DFW-Team FP Crusty All - Documents\Commercial Fisheries\Projects\Crab Survey Tool\Input\Puget_Sound_Crab_Exclusion_Areas</linkage><protocol Sync="TRUE">Local Area Network</protocol></itemLocation><itemName Sync="TRUE">GeoContrib.DBO.WAC_220_340_455_Exclude_Area</itemName><imsContentType Sync="TRUE" export="False">002</imsContentType><nativeExtBox><westBL Sync="TRUE">976068.168244</westBL><eastBL Sync="TRUE">1218245.429295</eastBL><southBL Sync="TRUE">624927.170867</southBL><northBL Sync="TRUE">1332107.031111</northBL><exTypeCode Sync="TRUE">1</exTypeCode></nativeExtBox></itemProps><coordRef><type Sync="TRUE">Projected</type><geogcsn Sync="TRUE">GCS_North_American_1983_HARN</geogcsn><csUnits Sync="TRUE">Linear Unit: Foot_US (0.304801)</csUnits><projcsn Sync="TRUE">NAD_1983_HARN_StatePlane_Washington_South_FIPS_4602_Feet</projcsn><peXml Sync="TRUE">&lt;ProjectedCoordinateSystem xsi:type='typens:ProjectedCoordinateSystem' xmlns:xsi='http://www.w3.org/2001/XMLSchema-instance' xmlns:xs='http://www.w3.org/2001/XMLSchema' xmlns:typens='http://www.esri.com/schemas/ArcGIS/10.6'&gt;&lt;WKT&gt;PROJCS[&amp;quot;NAD_1983_HARN_StatePlane_Washington_South_FIPS_4602_Feet&amp;quot;,GEOGCS[&amp;quot;GCS_North_American_1983_HARN&amp;quot;,DATUM[&amp;quot;D_North_American_1983_HARN&amp;quot;,SPHEROID[&amp;quot;GRS_1980&amp;quot;,6378137.0,298.257222101]],PRIMEM[&amp;quot;Greenwich&amp;quot;,0.0],UNIT[&amp;quot;Degree&amp;quot;,0.0174532925199433]],PROJECTION[&amp;quot;Lambert_Conformal_Conic&amp;quot;],PARAMETER[&amp;quot;False_Easting&amp;quot;,1640416.666666667],PARAMETER[&amp;quot;False_Northing&amp;quot;,0.0],PARAMETER[&amp;quot;Central_Meridian&amp;quot;,-120.5],PARAMETER[&amp;quot;Standard_Parallel_1&amp;quot;,45.83333333333334],PARAMETER[&amp;quot;Standard_Parallel_2&amp;quot;,47.33333333333334],PARAMETER[&amp;quot;Latitude_Of_Origin&amp;quot;,45.33333333333334],UNIT[&amp;quot;Foot_US&amp;quot;,0.3048006096012192],AUTHORITY[&amp;quot;EPSG&amp;quot;,2927]]&lt;/WKT&gt;&lt;XOrigin&gt;-117498300&lt;/XOrigin&gt;&lt;YOrigin&gt;-98850300&lt;/YOrigin&gt;&lt;XYScale&gt;3048.0060960121928&lt;/XYScale&gt;&lt;ZOrigin&gt;0&lt;/ZOrigin&gt;&lt;ZScale&gt;1&lt;/ZScale&gt;&lt;MOrigin&gt;0&lt;/MOrigin&gt;&lt;MScale&gt;1&lt;/MScale&gt;&lt;XYTolerance&gt;0.0032808333333333331&lt;/XYTolerance&gt;&lt;ZTolerance&gt;0.001&lt;/ZTolerance&gt;&lt;MTolerance&gt;0.001&lt;/MTolerance&gt;&lt;HighPrecision&gt;true&lt;/HighPrecision&gt;&lt;WKID&gt;2927&lt;/WKID&gt;&lt;LatestWKID&gt;2927&lt;/LatestWKID&gt;&lt;/ProjectedCoordinateSystem&gt;</peXml></coordRef><lineage><Process ToolSource="c:\program files (x86)\arcgis\desktop10.6\ArcToolbox\Toolboxes\Data Management Tools.tbx\CalculateField" Date="20210820" Time="100604">CalculateField "Crab Exclusion Area" AreaName "3a" VB #</Process></lineage><copyHistory><copy source="S:\Reg6-PTT\FP\Crustacean\Spatial\Puget_Sound_Crab_Exclusion_Areas" dest="\\DFW6PTLTZ195286\C$\Users\sundm477\Washington State Executive Branch Agencies\DFW-Team FP Crusty All - Documents\Commercial Fisheries\Projects\Crab Survey Tool\Input\Puget_Sound_Crab_Exclusion_Areas" date="20211214" time="14464800"></copy></copyHistory></DataProperties><ArcGISProfile>FGDC</ArcGISProfile><ArcGISFormat>1.0</ArcGISFormat><ArcGISstyle>FGDC CSDGM Metadata</ArcGISstyle><scaleRange><minScale>150000000</minScale><maxScale>5000</maxScale></scaleRange></Esri><idinfo><native Sync="TRUE">Microsoft Windows Vista Version 6.0 (Build 6001) Service Pack 1; ESRI ArcCatalog 9.3.0.1770</native><descript><langdata Sync="TRUE">en</langdata><abstract>REQUIRED: A brief narrative summary of the data set.</abstract><purpose>REQUIRED: A summary of the intentions with which the data set was developed.</purpose></descript><citation><citeinfo><origin>REQUIRED: The name of an organization or individual that developed the data set.</origin><pubdate>REQUIRED: The date when the data set is published or otherwise made available for release.</pubdate><title Sync="TRUE">WAC_220_052_046_Excluded_arc</title><ftname Sync="TRUE">WAC_220_052_046_Excluded_arc</ftname><geoform Sync="TRUE">vector digital data</geoform><onlink Sync="TRUE">\\DFWHN6WKZ052752\!GISData\WACs\WDFW_WACs.mdb</onlink></citeinfo></citation><timeperd><current>REQUIRED: The basis on which the time period of content information is determined.</current><timeinfo><sngdate><caldate>REQUIRED: The year (and optionally month, or month and day) for which the data set corresponds to the ground.</caldate></sngdate></timeinfo></timeperd><status><progress>REQUIRED: The state of the data set.</progress><update>REQUIRED: The frequency with which changes and additions are made to the data set after the initial data set is completed.</update></status><spdom><bounding><westbc Sync="TRUE">REQUIRED: Western-most coordinate of the limit of coverage expressed in longitude.</westbc><eastbc Sync="TRUE">REQUIRED: Eastern-most coordinate of the limit of coverage expressed in longitude.</eastbc><northbc Sync="TRUE">REQUIRED: Northern-most coordinate of the limit of coverage expressed in latitude.</northbc><southbc Sync="TRUE">REQUIRED: Southern-most coordinate of the limit of coverage expressed in latitude.</southbc></bounding></spdom><keywords><theme><themekt>REQUIRED: Reference to a formally registered thesaurus or a similar authoritative source of theme keywords.</themekt><themekey>REQUIRED: Common-use word or phrase used to describe the subject of the data set.</themekey></theme></keywords><accconst>REQUIRED: Restrictions and legal prerequisites for accessing the data set.</accconst><useconst>REQUIRED: Restrictions and legal prerequisites for using the data set after access is granted.</useconst><natvform Sync="TRUE">Personal GeoDatabase Feature Class</natvform></idinfo><dataIdInfo><envirDesc Sync="TRUE"> Version 6.2 (Build 9200) ; Esri ArcGIS 10.6.1.9273</envirDesc><dataLang><languageCode Sync="FALSE" value="eng"/><countryCode value="USA" Sync="TRUE"/></dataLang><idCitation xmlns=""><resTitle Sync="FALSE">Crab fishery Areas - WAC_220_340_455_Exclude_Area</resTitle><presForm xmlns=""><PresFormCd Sync="TRUE" value="005"/></presForm><date><pubDate>2017-02-15T00:00:00</pubDate></date><citRespParty xmlns=""><rpIndName>Dale Gombert</rpIndName><rpOrgName>Washington Department of Fish and Wildlife</rpOrgName><rpPosName>Data Manager</rpPosName><rpCntInfo><cntAddress addressType="both"><delPoint>1111 Washington Street SE</delPoint><city>Olympia</city><adminArea>WA</adminArea><postCode>98501</postCode><eMailAdd>gombedwg@dfw.wa.gov</eMailAdd><country>USA</country></cntAddress><cntPhone><voiceNum tddtty="">360-902-2189</voiceNum><faxNum>360-902-2944</faxNum><voiceNum tddtty="True">360-902-2207</voiceNum></cntPhone><cntHours>Monday - Friday, 0800 - 1630</cntHours></rpCntInfo><role><RoleCd value="006"/></role><editorSave>False</editorSave><displayName>Dale Gombert</displayName></citRespParty></idCitation><spatRpType><SpatRepTypCd Sync="TRUE" value="001"/></spatRpType><idAbs>&lt;DIV STYLE="text-align:Left;"&gt;&lt;P&gt;&lt;SPAN&gt;http://apps.leg.wa.gov/wac/default.aspx?cite=220-340-455&lt;/SPAN&gt;&lt;/P&gt;&lt;P&gt;&lt;SPAN&gt;WAC 220-340-455&lt;/SPAN&gt;&lt;/P&gt;&lt;P&gt;&lt;SPAN&gt;Commercial crab fishery—Seasons and areas—Puget Sound.&lt;/SPAN&gt;&lt;/P&gt;&lt;P&gt;&lt;SPAN&gt;The open times and areas for commercial crab fishing in Puget Sound are as follows:&lt;/SPAN&gt;&lt;/P&gt;&lt;P&gt;&lt;SPAN&gt;(1) All Puget Sound Marine Fish-Shellfish Management and Catch Reporting Areas are open for commercial crab fishing beginning 8:00 a.m. October 1st through the following April 15th from 30 minutes before sunrise to 30 minutes after sunset, except as provided below.&lt;/SPAN&gt;&lt;/P&gt;&lt;P&gt;&lt;SPAN&gt;(2) For purposes of crab harvest allocation, fishing season, and catch reporting, the Marine Fish-Shellfish Management and Catch Reporting Areas (Catch Areas) are modified as follows:&lt;/SPAN&gt;&lt;/P&gt;&lt;P&gt;&lt;SPAN&gt;(a) Catch Area 26A-E includes those waters of Puget Sound south of a line from Sandy Point (on Whidbey Island) to Camano Head and from Camano Head to the north tip of Gedney Island, and from the southern tip of Gedney Island east to the mainland, and north and east of a line that extends from Possession Point to the shipwreck located 0.8 nautical miles north of Picnic Point.&lt;/SPAN&gt;&lt;/P&gt;&lt;P&gt;&lt;SPAN&gt;(b) Catch Area 26A-W includes those waters of Puget Sound south and east of a line from Foulweather Bluff to Double Bluff, and northerly of a line from Apple Cove Point to Point Edwards, and south and west of a line that extends from Possession Point to the shipwreck located 0.8 nautical miles north of Picnic Point.&lt;/SPAN&gt;&lt;/P&gt;&lt;P&gt;&lt;SPAN&gt;(3) The following areas are closed to commercial crab fishing except for treaty Indian commercial crab fishing where the treaty Indian crab fisher is following tribal openings that are in accordance with provisions of court orders in United States v. Washington:&lt;/SPAN&gt;&lt;/P&gt;&lt;P&gt;&lt;SPAN&gt;(a) Areas 25C, 26B, 26C, 26D, 27A, 27B, 27C, 28A, 28B, 28C, and 28D.&lt;/SPAN&gt;&lt;/P&gt;&lt;P&gt;&lt;SPAN&gt;(b) Those waters of Marine Fish-Shellfish Management and Catch Reporting Area 20A in Lummi Bay east of a line projected from the entrance buoy at Sandy Point to Gooseberry Point.&lt;/SPAN&gt;&lt;/P&gt;&lt;P&gt;&lt;SPAN&gt;(c) Those waters of Marine Fish-Shellfish Management and Catch Reporting Area 21A in Bellingham Bay west of a line projected from the exposed boulder at Point Francis to the pilings at Stevie's Point.&lt;/SPAN&gt;&lt;/P&gt;&lt;P&gt;&lt;SPAN&gt;(d) Those waters of Marine Fish-Shellfish Management and Catch Reporting Area 24A east of a line projected north from the most westerly tip of Skagit Island and extending south to the most westerly tip of Hope Island, thence southeast to Seal Rocks, thence southeast to the green can buoy at the mouth of Swinomish Channel, thence easterly to the west side of Goat Island.&lt;/SPAN&gt;&lt;/P&gt;&lt;P&gt;&lt;SPAN&gt;(e) Those waters of Marine Fish-Shellfish Management and Catch Reporting Area 24B inside a line projected from Priest Point to the five-meter tower between Gedney Island and Priest Point, thence northwesterly on a line between the five-meter tower and Barnum Point to the intersection with a line projected true west from Kayak Point, thence east to shore.&lt;/SPAN&gt;&lt;/P&gt;&lt;P&gt;&lt;SPAN&gt;(f) Those waters of Marine Fish-Shellfish Management and Catch Reporting Area 25A west of a line from the new Dungeness Light to the abandoned dock at the Three Crabs Restaurant.&lt;/SPAN&gt;&lt;/P&gt;&lt;P&gt;&lt;SPAN&gt;(g) Those waters of Marine Fish-Shellfish Management and Catch Reporting Area 25D within a line projected from the Point Hudson Marina entrance to the northern tip of Indian Island, thence to Kala Point, and thence following the shoreline to the point of origin.&lt;/SPAN&gt;&lt;/P&gt;&lt;P&gt;&lt;SPAN&gt;(4) The following areas are closed to commercial crab fishing during the periods indicated:&lt;/SPAN&gt;&lt;/P&gt;&lt;P&gt;&lt;SPAN&gt;(a) Those waters of Marine Fish-Shellfish Management and Catch Reporting Area 20A between a line from the boat ramp at the western boundary of Birch Bay State Park to the western point of the entrance of the Birch Bay Marina and a line from the same boat ramp to Birch Point, are closed October 1 through October 31 and March 1 through April 15.&lt;/SPAN&gt;&lt;/P&gt;&lt;P&gt;&lt;SPAN&gt;(b) Those waters of Marine Fish-Shellfish Management and Catch Reporting Area 24C inshore of the 400 foot depth contour within an area bounded by parallel lines projected northeasterly from Sandy Point and the entrance to the marina at Langley are closed October 1 through October 15.&lt;/SPAN&gt;&lt;/P&gt;&lt;P&gt;&lt;SPAN&gt;(c) Those waters of Marine Fish-Shellfish Management and Catch Reporting Area 26A-W in Useless Bay north and east of a line from the south end of the Double Bluff State Park seawall (47°58.782'N, 122°30.840'W) projected 110 degrees true to the boulder on shore (47°57.690'N, 122°26.742'W) are closed from October 1 through October 15.&lt;/SPAN&gt;&lt;/P&gt;&lt;P&gt;&lt;SPAN&gt;(d) Those waters of Marine Fish-Shellfish Management and Catch Reporting Area 22B in Fidalgo Bay south of a line projected from the red number 4 entrance buoy at Cap Sante Marina to the northern end of the easternmost oil dock are closed October 1 through October 31, and March 1 through April 15, of each year.&lt;/SPAN&gt;&lt;/P&gt;&lt;P&gt;&lt;SPAN&gt;(e) Those waters of Marine Fish-Shellfish Management and Catch Reporting Area 22A in Deer Harbor north of a line projected from Steep Point to Pole Pass are closed October 1 through October 31 and March 1 through April 15.&lt;/SPAN&gt;&lt;/P&gt;&lt;P&gt;&lt;SPAN&gt;(f) Those waters of Marine Fish-Shellfish Management and Catch Reporting Area 26A-E east of a line that extends true north from the green No. 1 buoy at Possession Point to Possession Point and west of a line from the green No. 1 buoy at Possession Point northward along the 200-foot depth contour to the Glendale Dock, are closed October 1 through October 15.&lt;/SPAN&gt;&lt;/P&gt;&lt;P&gt;&lt;SPAN&gt;(5) The following areas are closed to commercial crab fishing until further notice:&lt;/SPAN&gt;&lt;/P&gt;&lt;P&gt;&lt;SPAN&gt;(a) Those waters of Area 25E south of a line from Contractors Point to Tukey Point.&lt;/SPAN&gt;&lt;/P&gt;&lt;P&gt;&lt;SPAN&gt;(b) Those waters of Marine Fish-Shellfish Management and Catch Reporting Area 24A within a line projected from Rocky Point northeast to the red number 2 buoy north of Ustalady Point, thence to Brown Point on the northeast corner of Ustalady Bay.&lt;/SPAN&gt;&lt;/P&gt;&lt;P&gt;&lt;SPAN&gt;(c) Those waters of Marine Fish-Shellfish Management and Catch Reporting Area 24D south of a line from the point at the southern end of Honeymoon Bay (48°03.047'N, 122°32.306'W) to the point just north of Beverly Beach.&lt;/SPAN&gt;&lt;/P&gt;&lt;P&gt;&lt;SPAN&gt;(d) Those waters of Marine Fish-Shellfish Management and Catch Reporting Area 26A east of a line projected from the outermost tip of the ferry dock at Mukilteo to the green #3 buoy at the mouth of the Snohomish River, and west of a line projected from the #3 buoy southward to the oil boom pier on the shoreline.&lt;/SPAN&gt;&lt;/P&gt;&lt;P&gt;&lt;SPAN&gt;(e) Those waters of Marine Fish-Shellfish Management and Catch Reporting Area 21B in Samish Bay south of a line from Point Williams to Fish Point in waters shallower than 60 feet in depth.&lt;/SPAN&gt;&lt;/P&gt;&lt;P&gt;&lt;SPAN&gt;(f) Those waters of Marine Fish-Shellfish Management and Catch Reporting Area 22A in Westcott and Garrison Bays east of a line projected due south from Point White to San Juan Island.&lt;/SPAN&gt;&lt;/P&gt;&lt;P&gt;&lt;SPAN&gt;(g) Those waters of Marine Fish-Shellfish Management and Catch Reporting Area 20A in Birch Bay east of a line projected from the boat ramp at the western boundary of Birch Bay State Park to the western point of the entrance to the Birch Bay Marina.&lt;/SPAN&gt;&lt;/P&gt;&lt;P&gt;&lt;SPAN&gt;(h) Those waters of Marine Fish-Shellfish Management and Catch Reporting Area 21A inside of Chuckanut Bay east of a line projected north from Governor's Point to the east side of Chuckanut Island, thence to Chuckanut Rock, thence to the most southerly tip of Clark's Point.&lt;/SPAN&gt;&lt;/P&gt;&lt;P&gt;&lt;SPAN&gt;(i) Those waters of Marine Fish-Shellfish Management and Catch Reporting Area 22A in Blind Bay south of a line projected due west from Point Hudson to its intersection with Shaw Island.&lt;/SPAN&gt;&lt;/P&gt;&lt;P&gt;&lt;SPAN&gt;(j) Those waters of Marine Fish-Shellfish Management and Catch Reporting Area 22A in Fisherman Bay south of a line projected east-west through the red number 4 entrance buoy.&lt;/SPAN&gt;&lt;/P&gt;&lt;P&gt;&lt;SPAN&gt;(k) Those waters of Marine Fish-Shellfish Management and Catch Reporting Area 22A in Mud Bay south of a line projected through Crab and Fortress Islands intersecting Lopez Island at either end.&lt;/SPAN&gt;&lt;/P&gt;&lt;P&gt;&lt;SPAN&gt;(l) Those waters of Marine Fish-Shellfish Management and Catch Reporting Area 22B in Padilla Bay within a line projected easterly from the northern end of the eastern most oil dock at March Point to the red number 2 buoy, thence southeasterly to the red number 8 buoy, thence west to shore and following the shoreline to the point of origin.&lt;/SPAN&gt;&lt;/P&gt;&lt;P&gt;&lt;SPAN&gt;(m) Those waters of Marine Fish-Shellfish Management and Catch Reporting Area 24A in Cornet Bay south of a line projected true east and west from the northernmost tip of Ben Ure Island.&lt;/SPAN&gt;&lt;/P&gt;&lt;P&gt;&lt;SPAN&gt;(n) That portion of Marine Fish-Shellfish Management and Catch Reporting Area 20B, which includes all waters of Prevost Harbor between Stuart Island and Satellite Island southwest of a line from Charles Point on Stuart Island to the northwest tip of Satellite Island and southwest of a line projected 120 degrees true from the southeast end of Satellite Island to Stuart Island.&lt;/SPAN&gt;&lt;/P&gt;&lt;P&gt;&lt;SPAN&gt;(o) Those waters of Marine Fish-Shellfish Management and Catch Reporting Area 22A in East Sound north of a line from the southern point of Judd Bay on the west to Giffin Rocks on the east.&lt;/SPAN&gt;&lt;/P&gt;&lt;P&gt;&lt;SPAN&gt;[Statutory Authority: RCW 77.04.012, 77.04.013, 77.04.020, 77.04.055, and 77.12.047. WSR 17-05-112 (Order 17-04), recodified as § 220-340-455, filed 2/15/17, effective 3/18/17. Statutory Authority: RCW 77.04.012, 77.04.013, 77.04.055, 77.12.045, and 77.12.047. WSR 12-23-016 (Order 12-267), § 220-52-046, filed 11/9/12, effective 12/10/12. Statutory Authority: RCW 77.12.047. WSR 07-23-090 (Order 07-285), § 220-52-046, filed 11/20/07, effective 12/21/07; WSR 06-08-064 (Order 06-58), § 220-52-046, filed 3/31/06, effective 5/1/06; WSR 06-01-013 (Order 05-275), § 220-52-046, filed 12/9/05, effective 1/9/06; WSR 01-11-009 (Order 01-74), § 220-52-046, filed 5/3/01, effective 6/3/01. Statutory Authority: RCW 75.08.080. WSR 99-10-062 (Order 99-59), § 220-52-046, filed 5/3/99, effective 6/3/99; WSR 98-19-012 (Order 98-185), § 220-52-046, filed 9/4/98, effective 10/5/98; WSR 98-05-043, § 220-52-046, filed 2/11/98, effective 3/14/98; WSR 97-08-052 (Order 97-55), § 220-52-046, filed 3/31/97, effective 5/1/97; WSR 94-12-009 (Order 94-23), § 220-52-046, filed 5/19/94, effective 6/19/94; WSR 93-15-051, § 220-52-046, filed 7/14/93, effective 8/14/93; WSR 91-10-024 (Order 91-22), § 220-52-046, filed 4/23/91, effective 5/24/91; WSR 87-05-038 (Order 87-08), § 220-52-046, filed 2/18/87; WSR 85-01-010 (Order 84-214), § 220-52-046, filed 12/7/84; WSR 84-08-014 (Order 84-24), § 220-52-046, filed 3/27/84; WSR 83-01-026 (Order 82-221), § 220-52-046, filed 12/8/82; WSR 80-13-064 (Order 80-123), § 220-52-046, filed 9/17/80; Order 76-152, § 220-52-046, filed 12/17/76; Order 1179, § 220-52-046, filed 11/19/74; Order 1112, § 220-52-046, filed 4/15/74; Order 1057, § 220-52-046, filed 5/22/73; Order 920, § 220-52-046, filed 5/13/71; Order 807, § 220-52-046, filed 1/2/69, effective 2/1/69. Formerly WAC 220-52-040 (2), (3), (4) and (9).]&lt;/SPAN&gt;&lt;/P&gt;&lt;/DIV&gt;</idAbs><idPurp>To depict as accurately as possible the geographical extent described in this Washington Administrative Code (WAC), including any areas, boundaries, and points mentioned in the text. Polygon and arc attributes are included for the purpose of enabling spatial processing and/or versatility in creating cartographic products.</idPurp><searchKeys><keyword>Boundaries</keyword><keyword>Location</keyword><keyword>Oceans</keyword></searchKeys><dataChar><CharSetCd value="004"/></dataChar><idPoC xmlns=""><rpIndName>Dale Gombert</rpIndName><rpOrgName>Washington Department of Fish and Wildlife</rpOrgName><rpPosName>Data Manager</rpPosName><rpCntInfo xmlns=""><cntAddress addressType="both"><delPoint>1111 Washington Street SE</delPoint><city>Olympia</city><adminArea>WA</adminArea><postCode>98501</postCode><eMailAdd>gombedwg@dfw.wa.gov</eMailAdd><country>USA</country></cntAddress><cntPhone><voiceNum tddtty="">360-902-2189</voiceNum><faxNum>360-902-2944</faxNum><voiceNum tddtty="True">360-902-2207</voiceNum></cntPhone><cntHours>Monday - Friday, 0800 - 1630</cntHours></rpCntInfo><role><RoleCd value="006"/></role></idPoC><resMaint xmlns=""><maintFreq><MaintFreqCd value="009"/></maintFreq></resMaint><resConst xmlns=""><Consts xmlns=""><useLimit>&lt;DIV STYLE="text-align:Left;"&gt;&lt;DIV&gt;&lt;P&gt;&lt;SPAN&gt;Not to be used for navigation.&lt;/SPAN&gt;&lt;/P&gt;&lt;/DIV&gt;&lt;/DIV&gt;</useLimit></Consts></resConst><dataExt><geoEle xmlns=""><GeoBndBox esriExtentType="search"><exTypeCode Sync="TRUE">1</exTypeCode><westBL Sync="TRUE">-123.263195</westBL><eastBL Sync="TRUE">-122.193201</eastBL><northBL Sync="TRUE">48.972145</northBL><southBL Sync="TRUE">47.016240</southBL></GeoBndBox></geoEle></dataExt><idCredit>Washington Department of Fish and Wildlife</idCredit><idStatus><ProgCd value="001"/></idStatus><tpCat><TopicCatCd value="003"/></tpCat><tpCat><TopicCatCd value="013"/></tpCat><tpCat><TopicCatCd value="014"/></tpCat></dataIdInfo><metainfo><langmeta Sync="TRUE">en</langmeta><metstdn Sync="TRUE">FGDC Content Standards for Digital Geospatial Metadata</metstdn><metstdv Sync="TRUE">FGDC-STD-001-1998</metstdv><mettc Sync="TRUE">local time</mettc><metc><cntinfo><cntorgp><cntper>REQUIRED: The person responsible for the metadata information.</cntper><cntorg>REQUIRED: The organization responsible for the metadata information.</cntorg></cntorgp><cntaddr><addrtype>REQUIRED: The mailing and/or physical address for the organization or individual.</addrtype><city>REQUIRED: The city of the address.</city><state>REQUIRED: The state or province of the address.</state><postal>REQUIRED: The ZIP or other postal code of the address.</postal></cntaddr><cntvoice>REQUIRED: The telephone number by which individuals can speak to the organization or individual.</cntvoice></cntinfo></metc><metd Sync="TRUE">20090706</metd></metainfo><mdLang><languageCode Sync="TRUE" value="eng"/><countryCode value="USA" Sync="TRUE"/></mdLang><mdStanName>ArcGIS Metadata</mdStanName><mdStanVer>1.0</mdStanVer><mdChar><CharSetCd Sync="TRUE" value="004"/></mdChar><mdHrLv><ScopeCd Sync="TRUE" value="005"/></mdHrLv><mdHrLvName Sync="TRUE">dataset</mdHrLvName><distinfo><resdesc Sync="TRUE">Downloadable Data</resdesc></distinfo><distInfo xmlns=""><distributor xmlns=""><distorFormat xmlns=""><formatName Sync="TRUE">Personal GeoDatabase Feature Class</formatName></distorFormat></distributor><distFormat><formatName Sync="TRUE">SDE Feature Class</formatName></distFormat></distInfo><spdoinfo><direct Sync="TRUE">Vector</direct><ptvctinf><esriterm Name="GeoContrib.DBO.WAC_220_340_455_Exclude_Area"><efeatyp Sync="TRUE">Simple</efeatyp><efeageom code="4" Sync="TRUE"/><esritopo Sync="TRUE">FALSE</esritopo><efeacnt Sync="TRUE">0</efeacnt><spindex Sync="TRUE">TRUE</spindex><linrefer Sync="TRUE">FALSE</linrefer></esriterm></ptvctinf></spdoinfo><spref><horizsys><cordsysn><geogcsn Sync="TRUE">GCS_North_American_1983</geogcsn><projcsn Sync="TRUE">NAD_1983_StatePlane_Washington_South_FIPS_4602_Feet</projcsn></cordsysn><planar><planci><plance Sync="TRUE">coordinate pair</plance><plandu Sync="TRUE">survey feet</plandu><coordrep><absres Sync="TRUE">0.000328</absres><ordres Sync="TRUE">0.000328</ordres></coordrep></planci></planar><geodetic><horizdn Sync="TRUE">North American Datum of 1983</horizdn><ellips Sync="TRUE">Geodetic Reference System 80</ellips><semiaxis Sync="TRUE">6378137.000000</semiaxis><denflat Sync="TRUE">298.257222</denflat></geodetic></horizsys></spref><refSysInfo><RefSystem><refSysID><identCode Sync="TRUE" code="2927">NAD_1983_StatePlane_Washington_South_FIPS_4602_Feet</identCode><idCodeSpace Sync="TRUE">EPSG</idCodeSpace><idVersion Sync="TRUE">8.9.3(9.0.0)</idVersion></refSysID></RefSystem></refSysInfo><spatRepInfo><VectSpatRep><geometObjs Name="GeoContrib.DBO.WAC_220_340_455_Exclude_Area"><geoObjTyp><GeoObjTypCd value="002" Sync="TRUE"/></geoObjTyp><geoObjCnt Sync="TRUE">0</geoObjCnt></geometObjs><topLvl><TopoLevCd value="001" Sync="TRUE"/></topLvl></VectSpatRep></spatRepInfo><eainfo><detailed xmlns="" Name="GeoContrib.DBO.WAC_220_340_455_Exclude_Area"><enttyp><enttypl Sync="TRUE">GeoContrib.DBO.WAC_220_340_455_Exclude_Area</enttypl><enttypt Sync="TRUE">Feature Class</enttypt><enttypc Sync="TRUE">0</enttypc><enttypds>Washington Department of Fish and Wildlife</enttypds></enttyp><attr xmlns=""><attrlabl Sync="TRUE">OBJECTID</attrlabl><attalias Sync="TRUE">OBJECTID</attalias><attrtype Sync="TRUE">OID</attrtype><attwidth Sync="TRUE">4</attwidth><atprecis Sync="TRUE">10</atprecis><attscale Sync="TRUE">0</attscale><attrdef Sync="TRUE">Internal feature number.</attrdef><attrdefs Sync="TRUE">ESRI</attrdefs><attrdomv><udom Sync="TRUE">Sequential unique whole numbers that are automatically generated.</udom></attrdomv></attr><attr xmlns=""><attrlabl Sync="TRUE">Shape</attrlabl><attalias Sync="TRUE">Shape</attalias><attrtype Sync="TRUE">Geometry</attrtype><attwidth Sync="TRUE">8</attwidth><atprecis Sync="TRUE">0</atprecis><attscale Sync="TRUE">0</attscale><attrdef Sync="TRUE">Feature geometry.</attrdef><attrdefs Sync="TRUE">ESRI</attrdefs><attrdomv><udom Sync="TRUE">Coordinates defining the features.</udom></attrdomv></attr><attr><attrlabl Sync="TRUE">WAC</attrlabl><attalias Sync="TRUE">WAC</attalias><attrtype Sync="TRUE">String</attrtype><attwidth Sync="TRUE">15</attwidth><atprecis Sync="TRUE">0</atprecis><attscale Sync="TRUE">0</attscale></attr><attr><attrlabl Sync="TRUE">AreaName</attrlabl><attalias Sync="TRUE">AreaName</attalias><attrtype Sync="TRUE">String</attrtype><attwidth Sync="TRUE">20</attwidth><atprecis Sync="TRUE">0</atprecis><attscale Sync="TRUE">0</attscale></attr><attr><attrlabl Sync="TRUE">Shape.STArea()</attrlabl><attalias Sync="TRUE">Shape.STArea()</attalias><attrtype Sync="TRUE">Double</attrtype><attwidth Sync="TRUE">0</attwidth><atprecis Sync="TRUE">0</atprecis><attscale Sync="TRUE">0</attscale></attr><attr><attrlabl Sync="TRUE">Shape.STLength()</attrlabl><attalias Sync="TRUE">Shape.STLength()</attalias><attrtype Sync="TRUE">Double</attrtype><attwidth Sync="TRUE">0</attwidth><atprecis Sync="TRUE">0</atprecis><attscale Sync="TRUE">0</attscale></attr></detailed></eainfo><mdDateSt Sync="TRUE">20200318</mdDateSt><dataqual><lineage><procstep><procdesc Sync="TRUE">Dataset copied.</procdesc><srcused Sync="TRUE">\\DFWHN6WKZ052752\!GISData\WACs\WDFW_WACs.mdb</srcused><procdate Sync="TRUE">20101118</procdate><proctime Sync="TRUE">12001900</proctime></procstep></lineage></dataqual></metadata>
