<metadata xml:lang="en"><Esri><CreaDate>20240621</CreaDate><CreaTime>15452500</CreaTime><ArcGISFormat>1.0</ArcGISFormat><SyncOnce>FALSE</SyncOnce><DataProperties><itemProps><itemName Sync="TRUE">PS Crab 2000ftHexGrid_ZonalSummary</itemName><imsContentType Sync="TRUE">002</imsContentType><itemLocation><linkage Sync="TRUE">file://\\ssv.wa.lcl\resdat\programs\fish\Sund\R Projects\Crab Survey Tool\Input\PS Crab 2000ftHexGrid_ZonalSummary.shp</linkage><protocol Sync="TRUE">Local Area Network</protocol></itemLocation><itemSize Sync="TRUE">0.000</itemSize></itemProps><coordRef><type Sync="TRUE">Projected</type><geogcsn Sync="TRUE">GCS_North_American_1983_HARN</geogcsn><csUnits Sync="TRUE">Linear Unit: Foot_US (0.304801)</csUnits><projcsn Sync="TRUE">NAD_1983_HARN_StatePlane_Washington_South_FIPS_4602_Feet</projcsn><peXml Sync="TRUE">&lt;ProjectedCoordinateSystem xsi:type='typens:ProjectedCoordinateSystem' xmlns:xsi='http://www.w3.org/2001/XMLSchema-instance' xmlns:xs='http://www.w3.org/2001/XMLSchema' xmlns:typens='http://www.esri.com/schemas/ArcGIS/3.2.0'&gt;&lt;WKT&gt;PROJCS[&amp;quot;NAD_1983_HARN_StatePlane_Washington_South_FIPS_4602_Feet&amp;quot;,GEOGCS[&amp;quot;GCS_North_American_1983_HARN&amp;quot;,DATUM[&amp;quot;D_North_American_1983_HARN&amp;quot;,SPHEROID[&amp;quot;GRS_1980&amp;quot;,6378137.0,298.257222101]],PRIMEM[&amp;quot;Greenwich&amp;quot;,0.0],UNIT[&amp;quot;Degree&amp;quot;,0.0174532925199433]],PROJECTION[&amp;quot;Lambert_Conformal_Conic&amp;quot;],PARAMETER[&amp;quot;False_Easting&amp;quot;,1640416.666666667],PARAMETER[&amp;quot;False_Northing&amp;quot;,0.0],PARAMETER[&amp;quot;Central_Meridian&amp;quot;,-120.5],PARAMETER[&amp;quot;Standard_Parallel_1&amp;quot;,45.83333333333334],PARAMETER[&amp;quot;Standard_Parallel_2&amp;quot;,47.33333333333334],PARAMETER[&amp;quot;Latitude_Of_Origin&amp;quot;,45.33333333333334],UNIT[&amp;quot;Foot_US&amp;quot;,0.3048006096012192],AUTHORITY[&amp;quot;EPSG&amp;quot;,2927]]&lt;/WKT&gt;&lt;XOrigin&gt;-117498300&lt;/XOrigin&gt;&lt;YOrigin&gt;-98850300&lt;/YOrigin&gt;&lt;XYScale&gt;37801315.839189909&lt;/XYScale&gt;&lt;ZOrigin&gt;-100000&lt;/ZOrigin&gt;&lt;ZScale&gt;10000&lt;/ZScale&gt;&lt;MOrigin&gt;-100000&lt;/MOrigin&gt;&lt;MScale&gt;10000&lt;/MScale&gt;&lt;XYTolerance&gt;0.0032808333333333331&lt;/XYTolerance&gt;&lt;ZTolerance&gt;0.001&lt;/ZTolerance&gt;&lt;MTolerance&gt;0.001&lt;/MTolerance&gt;&lt;HighPrecision&gt;true&lt;/HighPrecision&gt;&lt;WKID&gt;2927&lt;/WKID&gt;&lt;LatestWKID&gt;2927&lt;/LatestWKID&gt;&lt;/ProjectedCoordinateSystem&gt;</peXml></coordRef><lineage><Process ToolSource="c:\program files\arcgis\pro\Resources\ArcToolbox\toolboxes\Conversion Tools.tbx\ExportFeatures" Date="20240621" Time="154529">ExportFeatures "L:\programs\fish\Sund\R Projects\Crab Survey Tool\Output\PS Survey Grid_2000_Zonal Summary" L:\programs\fish\Sund\MyProject\MyProject.gdb\LprogramsfishSundRProjectsCrabSurveyToolOutputPSSurveyGrid_2000_ZonalSummary_clean # NOT_USE_ALIAS "ID "ID" true true false 9 Long 0 9,First,#,L:\programs\fish\Sund\R Projects\Crab Survey Tool\Output\PS Survey Grid_2000_Zonal Summary,Puget Sound_Hexagonal Survey Grid_2000ft.ID,-1,-1,L:\programs\fish\Sund\R Projects\Crab Survey Tool\Output\PS Survey Grid_2000_Zonal Summary,Puget Sound_Hexagonal Survey Grid_2000ft.ID,-1,-1;CatchArea "CatchArea" true true false 80 Text 0 0,First,#,L:\programs\fish\Sund\R Projects\Crab Survey Tool\Output\PS Survey Grid_2000_Zonal Summary,Puget Sound_Hexagonal Survey Grid_2000ft.CatchArea,0,79,L:\programs\fish\Sund\R Projects\Crab Survey Tool\Output\PS Survey Grid_2000_Zonal Summary,Puget Sound_Hexagonal Survey Grid_2000ft.CatchArea,0,79;Region "Region" true true false 80 Text 0 0,First,#,L:\programs\fish\Sund\R Projects\Crab Survey Tool\Output\PS Survey Grid_2000_Zonal Summary,Puget Sound_Hexagonal Survey Grid_2000ft.Region,0,79,L:\programs\fish\Sund\R Projects\Crab Survey Tool\Output\PS Survey Grid_2000_Zonal Summary,Puget Sound_Hexagonal Survey Grid_2000ft.Region,0,79;OBJECTID "OBJECTID" false true false 4 Long 0 9,First,#,L:\programs\fish\Sund\R Projects\Crab Survey Tool\Output\PS Survey Grid_2000_Zonal Summary,ZonalSt_Puget_S1.OBJECTID,-1,-1,L:\programs\fish\Sund\R Projects\Crab Survey Tool\Output\PS Survey Grid_2000_Zonal Summary,ZonalSt_Puget_S1.OBJECTID,-1,-1;ID "ID" true true false 4 Long 0 0,First,#,L:\programs\fish\Sund\R Projects\Crab Survey Tool\Output\PS Survey Grid_2000_Zonal Summary,ZonalSt_Puget_S1.ID,-1,-1,L:\programs\fish\Sund\R Projects\Crab Survey Tool\Output\PS Survey Grid_2000_Zonal Summary,ZonalSt_Puget_S1.ID,-1,-1;COUNT "COUNT" true true false 8 Double 0 0,First,#,L:\programs\fish\Sund\R Projects\Crab Survey Tool\Output\PS Survey Grid_2000_Zonal Summary,ZonalSt_Puget_S1.COUNT,-1,-1,L:\programs\fish\Sund\R Projects\Crab Survey Tool\Output\PS Survey Grid_2000_Zonal Summary,ZonalSt_Puget_S1.COUNT,-1,-1;AREA "AREA" true true false 8 Double 0 0,First,#,L:\programs\fish\Sund\R Projects\Crab Survey Tool\Output\PS Survey Grid_2000_Zonal Summary,ZonalSt_Puget_S1.AREA,-1,-1,L:\programs\fish\Sund\R Projects\Crab Survey Tool\Output\PS Survey Grid_2000_Zonal Summary,ZonalSt_Puget_S1.AREA,-1,-1;MIN "MIN" true true false 4 Long 0 0,First,#,L:\programs\fish\Sund\R Projects\Crab Survey Tool\Output\PS Survey Grid_2000_Zonal Summary,ZonalSt_Puget_S1.MIN,-1,-1,L:\programs\fish\Sund\R Projects\Crab Survey Tool\Output\PS Survey Grid_2000_Zonal Summary,ZonalSt_Puget_S1.MIN,-1,-1;MAX "MAX" true true false 4 Long 0 0,First,#,L:\programs\fish\Sund\R Projects\Crab Survey Tool\Output\PS Survey Grid_2000_Zonal Summary,ZonalSt_Puget_S1.MAX,-1,-1,L:\programs\fish\Sund\R Projects\Crab Survey Tool\Output\PS Survey Grid_2000_Zonal Summary,ZonalSt_Puget_S1.MAX,-1,-1;RANGE "RANGE" true true false 4 Long 0 0,First,#,L:\programs\fish\Sund\R Projects\Crab Survey Tool\Output\PS Survey Grid_2000_Zonal Summary,ZonalSt_Puget_S1.RANGE,-1,-1,L:\programs\fish\Sund\R Projects\Crab Survey Tool\Output\PS Survey Grid_2000_Zonal Summary,ZonalSt_Puget_S1.RANGE,-1,-1;MEAN "MEAN" true true false 8 Double 0 0,First,#,L:\programs\fish\Sund\R Projects\Crab Survey Tool\Output\PS Survey Grid_2000_Zonal Summary,ZonalSt_Puget_S1.MEAN,-1,-1,L:\programs\fish\Sund\R Projects\Crab Survey Tool\Output\PS Survey Grid_2000_Zonal Summary,ZonalSt_Puget_S1.MEAN,-1,-1;STD "STD" true true false 8 Double 0 0,First,#,L:\programs\fish\Sund\R Projects\Crab Survey Tool\Output\PS Survey Grid_2000_Zonal Summary,ZonalSt_Puget_S1.STD,-1,-1,L:\programs\fish\Sund\R Projects\Crab Survey Tool\Output\PS Survey Grid_2000_Zonal Summary,ZonalSt_Puget_S1.STD,-1,-1;SUM "SUM" true true false 8 Double 0 0,First,#,L:\programs\fish\Sund\R Projects\Crab Survey Tool\Output\PS Survey Grid_2000_Zonal Summary,ZonalSt_Puget_S1.SUM,-1,-1,L:\programs\fish\Sund\R Projects\Crab Survey Tool\Output\PS Survey Grid_2000_Zonal Summary,ZonalSt_Puget_S1.SUM,-1,-1;VARIETY "VARIETY" true true false 4 Long 0 0,First,#,L:\programs\fish\Sund\R Projects\Crab Survey Tool\Output\PS Survey Grid_2000_Zonal Summary,ZonalSt_Puget_S1.VARIETY,-1,-1,L:\programs\fish\Sund\R Projects\Crab Survey Tool\Output\PS Survey Grid_2000_Zonal Summary,ZonalSt_Puget_S1.VARIETY,-1,-1;MAJORITY "MAJORITY" true true false 4 Long 0 0,First,#,L:\programs\fish\Sund\R Projects\Crab Survey Tool\Output\PS Survey Grid_2000_Zonal Summary,ZonalSt_Puget_S1.MAJORITY,-1,-1,L:\programs\fish\Sund\R Projects\Crab Survey Tool\Output\PS Survey Grid_2000_Zonal Summary,ZonalSt_Puget_S1.MAJORITY,-1,-1;MAJORITY_COUNT "MAJORITY_COUNT" true true false 4 Long 0 0,First,#,L:\programs\fish\Sund\R Projects\Crab Survey Tool\Output\PS Survey Grid_2000_Zonal Summary,ZonalSt_Puget_S1.MAJORITY_COUNT,-1,-1,L:\programs\fish\Sund\R Projects\Crab Survey Tool\Output\PS Survey Grid_2000_Zonal Summary,ZonalSt_Puget_S1.MAJORITY_COUNT,-1,-1;MAJORITY_PERCENT "MAJORITY_PERCENT" true true false 4 Float 0 0,First,#,L:\programs\fish\Sund\R Projects\Crab Survey Tool\Output\PS Survey Grid_2000_Zonal Summary,ZonalSt_Puget_S1.MAJORITY_PERCENT,-1,-1,L:\programs\fish\Sund\R Projects\Crab Survey Tool\Output\PS Survey Grid_2000_Zonal Summary,ZonalSt_Puget_S1.MAJORITY_PERCENT,-1,-1;MINORITY "MINORITY" true true false 4 Long 0 0,First,#,L:\programs\fish\Sund\R Projects\Crab Survey Tool\Output\PS Survey Grid_2000_Zonal Summary,ZonalSt_Puget_S1.MINORITY,-1,-1,L:\programs\fish\Sund\R Projects\Crab Survey Tool\Output\PS Survey Grid_2000_Zonal Summary,ZonalSt_Puget_S1.MINORITY,-1,-1;MINORITY_COUNT "MINORITY_COUNT" true true false 4 Long 0 0,First,#,L:\programs\fish\Sund\R Projects\Crab Survey Tool\Output\PS Survey Grid_2000_Zonal Summary,ZonalSt_Puget_S1.MINORITY_COUNT,-1,-1,L:\programs\fish\Sund\R Projects\Crab Survey Tool\Output\PS Survey Grid_2000_Zonal Summary,ZonalSt_Puget_S1.MINORITY_COUNT,-1,-1;MINORITY_PERCENT "MINORITY_PERCENT" true true false 4 Float 0 0,First,#,L:\programs\fish\Sund\R Projects\Crab Survey Tool\Output\PS Survey Grid_2000_Zonal Summary,ZonalSt_Puget_S1.MINORITY_PERCENT,-1,-1,L:\programs\fish\Sund\R Projects\Crab Survey Tool\Output\PS Survey Grid_2000_Zonal Summary,ZonalSt_Puget_S1.MINORITY_PERCENT,-1,-1;MEDIAN "MEDIAN" true true false 4 Long 0 0,First,#,L:\programs\fish\Sund\R Projects\Crab Survey Tool\Output\PS Survey Grid_2000_Zonal Summary,ZonalSt_Puget_S1.MEDIAN,-1,-1,L:\programs\fish\Sund\R Projects\Crab Survey Tool\Output\PS Survey Grid_2000_Zonal Summary,ZonalSt_Puget_S1.MEDIAN,-1,-1;PCT90 "PCT90" true true false 4 Long 0 0,First,#,L:\programs\fish\Sund\R Projects\Crab Survey Tool\Output\PS Survey Grid_2000_Zonal Summary,ZonalSt_Puget_S1.PCT90,-1,-1,L:\programs\fish\Sund\R Projects\Crab Survey Tool\Output\PS Survey Grid_2000_Zonal Summary,ZonalSt_Puget_S1.PCT90,-1,-1" #</Process><Process ToolSource="c:\program files\arcgis\pro\Resources\ArcToolbox\toolboxes\Conversion Tools.tbx\ExportFeatures" Date="20240809" Time="104517">ExportFeatures LprogramsfishSundRProjectsCrabSurveyToolOutputPSSurveyGrid_2000_ZonalSummary_clean "L:\programs\fish\Sund\R Projects\Crab Survey Tool\Input\PS Crab 2000ftHexGrid_ZonalSummary.shp" # NOT_USE_ALIAS "ID "ID" true true false 4 Long 0 0,First,#,LprogramsfishSundRProjectsCrabSurveyToolOutputPSSurveyGrid_2000_ZonalSummary_clean,ID,-1,-1;CatchArea "CatchArea" true true false 80 Text 0 0,First,#,LprogramsfishSundRProjectsCrabSurveyToolOutputPSSurveyGrid_2000_ZonalSummary_clean,CatchArea,0,79;Region "Region" true true false 80 Text 0 0,First,#,LprogramsfishSundRProjectsCrabSurveyToolOutputPSSurveyGrid_2000_ZonalSummary_clean,Region,0,79;OBJECTID "OBJECTID" true true false 4 Long 0 0,First,#,LprogramsfishSundRProjectsCrabSurveyToolOutputPSSurveyGrid_2000_ZonalSummary_clean,OBJECTID,-1,-1;ID_1 "ID" true true false 4 Long 0 0,First,#,LprogramsfishSundRProjectsCrabSurveyToolOutputPSSurveyGrid_2000_ZonalSummary_clean,ID_1,-1,-1;COUNT "COUNT" true true false 8 Double 0 0,First,#,LprogramsfishSundRProjectsCrabSurveyToolOutputPSSurveyGrid_2000_ZonalSummary_clean,COUNT,-1,-1;AREA "AREA" true true false 8 Double 0 0,First,#,LprogramsfishSundRProjectsCrabSurveyToolOutputPSSurveyGrid_2000_ZonalSummary_clean,AREA,-1,-1;MIN "MIN" true true false 4 Long 0 0,First,#,LprogramsfishSundRProjectsCrabSurveyToolOutputPSSurveyGrid_2000_ZonalSummary_clean,MIN,-1,-1;MAX "MAX" true true false 4 Long 0 0,First,#,LprogramsfishSundRProjectsCrabSurveyToolOutputPSSurveyGrid_2000_ZonalSummary_clean,MAX,-1,-1;RANGE "RANGE" true true false 4 Long 0 0,First,#,LprogramsfishSundRProjectsCrabSurveyToolOutputPSSurveyGrid_2000_ZonalSummary_clean,RANGE,-1,-1;MEAN "MEAN" true true false 8 Double 0 0,First,#,LprogramsfishSundRProjectsCrabSurveyToolOutputPSSurveyGrid_2000_ZonalSummary_clean,MEAN,-1,-1;STD "STD" true true false 8 Double 0 0,First,#,LprogramsfishSundRProjectsCrabSurveyToolOutputPSSurveyGrid_2000_ZonalSummary_clean,STD,-1,-1;SUM "SUM" true true false 8 Double 0 0,First,#,LprogramsfishSundRProjectsCrabSurveyToolOutputPSSurveyGrid_2000_ZonalSummary_clean,SUM,-1,-1;VARIETY "VARIETY" true true false 4 Long 0 0,First,#,LprogramsfishSundRProjectsCrabSurveyToolOutputPSSurveyGrid_2000_ZonalSummary_clean,VARIETY,-1,-1;MAJORITY "MAJORITY" true true false 4 Long 0 0,First,#,LprogramsfishSundRProjectsCrabSurveyToolOutputPSSurveyGrid_2000_ZonalSummary_clean,MAJORITY,-1,-1;MAJORITY_COUNT "MAJORITY_COUNT" true true false 4 Long 0 0,First,#,LprogramsfishSundRProjectsCrabSurveyToolOutputPSSurveyGrid_2000_ZonalSummary_clean,MAJORITY_COUNT,-1,-1;MAJORITY_PERCENT "MAJORITY_PERCENT" true true false 4 Float 0 0,First,#,LprogramsfishSundRProjectsCrabSurveyToolOutputPSSurveyGrid_2000_ZonalSummary_clean,MAJORITY_PERCENT,-1,-1;MINORITY "MINORITY" true true false 4 Long 0 0,First,#,LprogramsfishSundRProjectsCrabSurveyToolOutputPSSurveyGrid_2000_ZonalSummary_clean,MINORITY,-1,-1;MINORITY_COUNT "MINORITY_COUNT" true true false 4 Long 0 0,First,#,LprogramsfishSundRProjectsCrabSurveyToolOutputPSSurveyGrid_2000_ZonalSummary_clean,MINORITY_COUNT,-1,-1;MINORITY_PERCENT "MINORITY_PERCENT" true true false 4 Float 0 0,First,#,LprogramsfishSundRProjectsCrabSurveyToolOutputPSSurveyGrid_2000_ZonalSummary_clean,MINORITY_PERCENT,-1,-1;MEDIAN "MEDIAN" true true false 4 Long 0 0,First,#,LprogramsfishSundRProjectsCrabSurveyToolOutputPSSurveyGrid_2000_ZonalSummary_clean,MEDIAN,-1,-1;PCT90 "PCT90" true true false 4 Long 0 0,First,#,LprogramsfishSundRProjectsCrabSurveyToolOutputPSSurveyGrid_2000_ZonalSummary_clean,PCT90,-1,-1;Shape_Length "Shape_Length" false true true 8 Double 0 0,First,#,LprogramsfishSundRProjectsCrabSurveyToolOutputPSSurveyGrid_2000_ZonalSummary_clean,Shape_Length,-1,-1;Shape_Area "Shape_Area" false true true 8 Double 0 0,First,#,LprogramsfishSundRProjectsCrabSurveyToolOutputPSSurveyGrid_2000_ZonalSummary_clean,Shape_Area,-1,-1" #</Process></lineage></DataProperties><SyncDate>20240809</SyncDate><SyncTime>10451400</SyncTime><ModDate>20240809</ModDate><ModTime>10451400</ModTime></Esri><dataIdInfo><envirDesc Sync="TRUE">Microsoft Windows 10 Version 10.0 (Build 19045) ; Esri ArcGIS 13.2.0.49743</envirDesc><dataLang><languageCode value="eng" Sync="TRUE"></languageCode><countryCode value="USA" Sync="TRUE"></countryCode></dataLang><idCitation><resTitle Sync="TRUE">PS Crab 2000ftHexGrid_ZonalSummary</resTitle><presForm><PresFormCd value="005" Sync="TRUE"></PresFormCd></presForm></idCitation><spatRpType><SpatRepTypCd value="001" Sync="TRUE"></SpatRepTypCd></spatRpType></dataIdInfo><mdLang><languageCode value="eng" Sync="TRUE"></languageCode><countryCode value="USA" Sync="TRUE"></countryCode></mdLang><distInfo><distFormat><formatName Sync="TRUE">Shapefile</formatName></distFormat><distTranOps><transSize Sync="TRUE">0.000</transSize></distTranOps></distInfo><mdHrLv><ScopeCd value="005" Sync="TRUE"></ScopeCd></mdHrLv><mdHrLvName Sync="TRUE">dataset</mdHrLvName><refSysInfo><RefSystem><refSysID><identCode code="2927" Sync="TRUE"></identCode><idCodeSpace Sync="TRUE">EPSG</idCodeSpace><idVersion Sync="TRUE">6.3(9.0.0)</idVersion></refSysID></RefSystem></refSysInfo><spatRepInfo><VectSpatRep><geometObjs Name="PS Crab 2000ftHexGrid_ZonalSummary"><geoObjTyp><GeoObjTypCd value="002" Sync="TRUE"></GeoObjTypCd></geoObjTyp><geoObjCnt Sync="TRUE">0</geoObjCnt></geometObjs><topLvl><TopoLevCd value="001" Sync="TRUE"></TopoLevCd></topLvl></VectSpatRep></spatRepInfo><spdoinfo><ptvctinf><esriterm Name="PS Crab 2000ftHexGrid_ZonalSummary"><efeatyp Sync="TRUE">Simple</efeatyp><efeageom code="4" Sync="TRUE"></efeageom><esritopo Sync="TRUE">FALSE</esritopo><efeacnt Sync="TRUE">0</efeacnt><spindex Sync="TRUE">FALSE</spindex><linrefer Sync="TRUE">FALSE</linrefer></esriterm></ptvctinf></spdoinfo><eainfo><detailed Name="PS Crab 2000ftHexGrid_ZonalSummary"><enttyp><enttypl Sync="TRUE">PS Crab 2000ftHexGrid_ZonalSummary</enttypl><enttypt Sync="TRUE">Feature Class</enttypt><enttypc Sync="TRUE">0</enttypc></enttyp><attr><attrlabl Sync="TRUE">FID</attrlabl><attalias Sync="TRUE">FID</attalias><attrtype Sync="TRUE">OID</attrtype><attwidth Sync="TRUE">4</attwidth><atprecis Sync="TRUE">0</atprecis><attscale Sync="TRUE">0</attscale><attrdef Sync="TRUE">Internal feature number.</attrdef><attrdefs Sync="TRUE">Esri</attrdefs><attrdomv><udom Sync="TRUE">Sequential unique whole numbers that are automatically generated.</udom></attrdomv></attr><attr><attrlabl Sync="TRUE">Shape</attrlabl><attalias Sync="TRUE">Shape</attalias><attrtype Sync="TRUE">Geometry</attrtype><attwidth Sync="TRUE">0</attwidth><atprecis Sync="TRUE">0</atprecis><attscale Sync="TRUE">0</attscale><attrdef Sync="TRUE">Feature geometry.</attrdef><attrdefs Sync="TRUE">Esri</attrdefs><attrdomv><udom Sync="TRUE">Coordinates defining the features.</udom></attrdomv></attr><attr><attrlabl Sync="TRUE">ID</attrlabl><attalias Sync="TRUE">ID</attalias><attrtype Sync="TRUE">Integer</attrtype><attwidth Sync="TRUE">10</attwidth><atprecis Sync="TRUE">10</atprecis><attscale Sync="TRUE">0</attscale></attr><attr><attrlabl Sync="TRUE">CatchArea</attrlabl><attalias Sync="TRUE">CatchArea</attalias><attrtype Sync="TRUE">String</attrtype><attwidth Sync="TRUE">80</attwidth><atprecis Sync="TRUE">0</atprecis><attscale Sync="TRUE">0</attscale></attr><attr><attrlabl Sync="TRUE">Region</attrlabl><attalias Sync="TRUE">Region</attalias><attrtype Sync="TRUE">String</attrtype><attwidth Sync="TRUE">80</attwidth><atprecis Sync="TRUE">0</atprecis><attscale Sync="TRUE">0</attscale></attr><attr><attrlabl Sync="TRUE">OBJECTID</attrlabl><attalias Sync="TRUE">OBJECTID</attalias><attrtype Sync="TRUE">Integer</attrtype><attwidth Sync="TRUE">10</attwidth><atprecis Sync="TRUE">10</atprecis><attscale Sync="TRUE">0</attscale></attr><attr><attrlabl Sync="TRUE">ID_1</attrlabl><attalias Sync="TRUE">ID_1</attalias><attrtype Sync="TRUE">Integer</attrtype><attwidth Sync="TRUE">10</attwidth><atprecis Sync="TRUE">10</atprecis><attscale Sync="TRUE">0</attscale></attr><attr><attrlabl Sync="TRUE">COUNT</attrlabl><attalias Sync="TRUE">COUNT</attalias><attrtype Sync="TRUE">Double</attrtype><attwidth Sync="TRUE">19</attwidth><atprecis Sync="TRUE">0</atprecis><attscale Sync="TRUE">0</attscale></attr><attr><attrlabl Sync="TRUE">AREA</attrlabl><attalias Sync="TRUE">AREA</attalias><attrtype Sync="TRUE">Double</attrtype><attwidth Sync="TRUE">19</attwidth><atprecis Sync="TRUE">0</atprecis><attscale Sync="TRUE">0</attscale></attr><attr><attrlabl Sync="TRUE">MIN</attrlabl><attalias Sync="TRUE">MIN</attalias><attrtype Sync="TRUE">Integer</attrtype><attwidth Sync="TRUE">10</attwidth><atprecis Sync="TRUE">10</atprecis><attscale Sync="TRUE">0</attscale></attr><attr><attrlabl Sync="TRUE">MAX</attrlabl><attalias Sync="TRUE">MAX</attalias><attrtype Sync="TRUE">Integer</attrtype><attwidth Sync="TRUE">10</attwidth><atprecis Sync="TRUE">10</atprecis><attscale Sync="TRUE">0</attscale></attr><attr><attrlabl Sync="TRUE">RANGE</attrlabl><attalias Sync="TRUE">RANGE</attalias><attrtype Sync="TRUE">Integer</attrtype><attwidth Sync="TRUE">10</attwidth><atprecis Sync="TRUE">10</atprecis><attscale Sync="TRUE">0</attscale></attr><attr><attrlabl Sync="TRUE">MEAN</attrlabl><attalias Sync="TRUE">MEAN</attalias><attrtype Sync="TRUE">Double</attrtype><attwidth Sync="TRUE">19</attwidth><atprecis Sync="TRUE">0</atprecis><attscale Sync="TRUE">0</attscale></attr><attr><attrlabl Sync="TRUE">STD</attrlabl><attalias Sync="TRUE">STD</attalias><attrtype Sync="TRUE">Double</attrtype><attwidth Sync="TRUE">19</attwidth><atprecis Sync="TRUE">0</atprecis><attscale Sync="TRUE">0</attscale></attr><attr><attrlabl Sync="TRUE">SUM</attrlabl><attalias Sync="TRUE">SUM</attalias><attrtype Sync="TRUE">Double</attrtype><attwidth Sync="TRUE">19</attwidth><atprecis Sync="TRUE">0</atprecis><attscale Sync="TRUE">0</attscale></attr><attr><attrlabl Sync="TRUE">VARIETY</attrlabl><attalias Sync="TRUE">VARIETY</attalias><attrtype Sync="TRUE">Integer</attrtype><attwidth Sync="TRUE">10</attwidth><atprecis Sync="TRUE">10</atprecis><attscale Sync="TRUE">0</attscale></attr><attr><attrlabl Sync="TRUE">MAJORITY</attrlabl><attalias Sync="TRUE">MAJORITY</attalias><attrtype Sync="TRUE">Integer</attrtype><attwidth Sync="TRUE">10</attwidth><atprecis Sync="TRUE">10</atprecis><attscale Sync="TRUE">0</attscale></attr><attr><attrlabl Sync="TRUE">MAJORITY_C</attrlabl><attalias Sync="TRUE">MAJORITY_C</attalias><attrtype Sync="TRUE">Integer</attrtype><attwidth Sync="TRUE">10</attwidth><atprecis Sync="TRUE">10</atprecis><attscale Sync="TRUE">0</attscale></attr><attr><attrlabl Sync="TRUE">MAJORITY_P</attrlabl><attalias Sync="TRUE">MAJORITY_P</attalias><attrtype Sync="TRUE">Single</attrtype><attwidth Sync="TRUE">13</attwidth><atprecis Sync="TRUE">0</atprecis><attscale Sync="TRUE">0</attscale></attr><attr><attrlabl Sync="TRUE">MINORITY</attrlabl><attalias Sync="TRUE">MINORITY</attalias><attrtype Sync="TRUE">Integer</attrtype><attwidth Sync="TRUE">10</attwidth><atprecis Sync="TRUE">10</atprecis><attscale Sync="TRUE">0</attscale></attr><attr><attrlabl Sync="TRUE">MINORITY_C</attrlabl><attalias Sync="TRUE">MINORITY_C</attalias><attrtype Sync="TRUE">Integer</attrtype><attwidth Sync="TRUE">10</attwidth><atprecis Sync="TRUE">10</atprecis><attscale Sync="TRUE">0</attscale></attr><attr><attrlabl Sync="TRUE">MINORITY_P</attrlabl><attalias Sync="TRUE">MINORITY_P</attalias><attrtype Sync="TRUE">Single</attrtype><attwidth Sync="TRUE">13</attwidth><atprecis Sync="TRUE">0</atprecis><attscale Sync="TRUE">0</attscale></attr><attr><attrlabl Sync="TRUE">MEDIAN</attrlabl><attalias Sync="TRUE">MEDIAN</attalias><attrtype Sync="TRUE">Integer</attrtype><attwidth Sync="TRUE">10</attwidth><atprecis Sync="TRUE">10</atprecis><attscale Sync="TRUE">0</attscale></attr><attr><attrlabl Sync="TRUE">PCT90</attrlabl><attalias Sync="TRUE">PCT90</attalias><attrtype Sync="TRUE">Integer</attrtype><attwidth Sync="TRUE">10</attwidth><atprecis Sync="TRUE">10</atprecis><attscale Sync="TRUE">0</attscale></attr><attr><attrlabl Sync="TRUE">Shape_Leng</attrlabl><attalias Sync="TRUE">Shape_Leng</attalias><attrtype Sync="TRUE">Double</attrtype><attwidth Sync="TRUE">19</attwidth><atprecis Sync="TRUE">0</atprecis><attscale Sync="TRUE">0</attscale></attr><attr><attrlabl Sync="TRUE">Shape_Area</attrlabl><attalias Sync="TRUE">Shape_Area</attalias><attrtype Sync="TRUE">Double</attrtype><attwidth Sync="TRUE">19</attwidth><atprecis Sync="TRUE">0</atprecis><attscale Sync="TRUE">0</attscale><attrdef Sync="TRUE">Area of feature in internal units squared.</attrdef><attrdefs Sync="TRUE">Esri</attrdefs><attrdomv><udom Sync="TRUE">Positive real numbers that are automatically generated.</udom></attrdomv></attr></detailed></eainfo><mdDateSt Sync="TRUE">20240809</mdDateSt></metadata>
